Start Date,End Date,Q1 - Hva tror du endringen i fastlands-BNP (i faste priser) blir for Norge for hele 2020?,Q2 - Hva tror du arbeidsledigheten er i Norge ved utgangen av 2020? (Antall registrerte helt arbeidsledige i prosent av arbeidsstyrken),Q3 - Effekten av koronakrisen for verdensøkonomien blir kortvarig: om ett år er veksten i verdensøkonomien akkurat som før krisen.,Q4 - På lang sikt vil coronakrisen føre til omfattende begrensninger på internasjonal handel og mobilitet av arbeidskraft og kapital.,Q5 - Det vil være behov for omfattende motkonjunkturpolitikk i Norge etter at myndighetene har avsluttet smitteverntiltakene.,Q6 - Det er behov for omfattende motkonjunkturpolitikk i Norge allerede nå – mens smitteverntiltakene pågår.,Q7 - Myndighetenes kostnader knyttet til coronakrisen bør i all hovedsak finansieres fra oljefondet,Q8 - Bedrifter bør få full kompensasjon for økonomiske tap som er en følge av myndighetenes smitteverntiltak.,"Q9 - Det vil være rettferdig å gi bedrifter full kompensasjon for økonomiske tap som er en følge av myndighetenes smitteverntiltak, siden disse tiltakene er utenfor bedriftenes kontroll og gjennomføres for fellesskapet beste.","Q10 - Det er effektivt å støtte bedrifter som har økonomiske tap som er en følge av myndighetenes smitteverntiltak, siden mange av disse bedriftene vil være levedyktige når myndighetene avslutter smitteverntiltakene.",Q11 - Personer som er permitterte som en følge av myndighetenes smitteverntiltak bør få full lønnskompensasjon så lenge smitteverntiltakene vedvarer.,"Q12 - Myndighetene bør gjennomføre en uniform kontantoverføring til alle husstander i Norge så raskt som mulig, det vil være en effektiv og ubyråkratisk måte å møte krisen på.",Q13 - Myndighetenes smitteverntiltak for å bekjempe coronakrisen er for omfattende i Norge.,Q14 - Coronakrisen vil styrke tilliten til norske myndigheter blant allmennbefolkningen i Norge.,Q15 - Coronakrisen vil styrke tilliten til eksperter blant allmennbefolkningen i Norge.,Q16 - Coronakrisen vil føre til at folk har større tillit til hverandre i Norge.,Q17 - Staten dekker en andel av de faste kostnadene for bedrifter som har betydelig nedgang i omsetningen som følge av smitteverntiltakene.,"Q18 - Arbeidsledige og permitterte som er i ferd med å gå ut maksperioden på dagpenger, får utvidet dagpengeperioden sin ut juni måned.",Q19 - Myndighetene etablerer lånegarantiordning for små- og mellomstore bedrifter.,Q20 - Hvilket av smitteverntiltakene er mest skadelig for norsk økonomi?,Q21 - Hvilket økonomiske tiltak er det viktigste at myndighetene gjennomfører nå?,Q22 - Hvilket økonomiske tiltak er det viktigste at myndighetene gjennomfører når smitteverntiltakene oppheves?,Andre synspunkter til den pågående krisen eller denne studien.
2020-04-01 08:53:46,2020-04-01 08:55:02,1.0,-34,10.0,7.0,9.0,1.0,11.0,7.0,10.0,5.0,1.0,3.0,9.0,7.0,11.0,11.0,5.0,3.0,9.0,,,,
2020-04-01 09:57:22,2020-04-01 10:02:35,4.0,20,4.0,7.0,10.0,6.0,9.0,9.0,9.0,9.0,10.0,4.0,3.0,6.0,6.0,8.0,10.0,11.0,11.0,,,,
2020-04-01 09:58:35,2020-04-01 10:03:49,4.0,2.4,4.0,6.0,11.0,11.0,9.0,3.0,3.0,7.0,6.0,6.0,1.0,9.0,10.0,3.0,9.0,9.0,9.0,,,,
2020-04-01 10:00:12,2020-04-01 10:06:21,4.0,4,3.0,7.0,8.0,10.0,4.0,6.0,7.0,9.0,10.0,10.0,3.0,7.0,8.0,7.0,7.0,11.0,9.0,,,,
2020-04-01 10:01:07,2020-04-01 10:07:57,4.0,2,9.0,4.0,3.0,11.0,3.0,8.0,9.0,10.0,9.0,3.0,4.0,9.0,8.0,6.0,9.0,9.0,9.0,"not sure, need more data",Subsidies and financial support to firms,Invest money to prepare for possible relapse or future ones,good initiative
2020-04-01 10:04:50,2020-04-01 10:09:00,4.0,8,7.0,5.0,8.0,8.0,8.0,8.0,7.0,7.0,10.0,10.0,6.0,7.0,6.0,6.0,8.0,11.0,11.0,,"unemployment support,  support  for  small  and  medium  enterprises",expansionary  fiscal  policies,
2020-04-01 09:59:02,2020-04-01 10:09:40,3.0,4,6.0,3.0,11.0,11.0,11.0,6.0,6.0,9.0,8.0,3.0,5.0,4.0,4.0,4.0,8.0,11.0,11.0,Shutting down kindergardens and schools,Support for workers and firms impacted (SPEND MONEY).,Spend whatever it takes to get people buying stuff again.,"First, I was confused about the unemployment question for 2019---Did you mean 2020?  Second, Norway needs to insure that they also support individuals who would otherwise fall through the cracks. Not everyone who needs help qualifies for unemployment benefits."
2020-04-01 10:03:01,2020-04-01 10:09:52,4.0,8,4.0,9.0,8.0,8.0,11.0,1.0,1.0,8.0,1.0,1.0,4.0,8.0,6.0,8.0,8.0,8.0,10.0,Ones that forces business to close ,Support business and borrowers ,Financing for business to start up again ,
2020-04-01 09:57:45,2020-04-01 10:10:41,4.0,3.7,4.0,4.0,8.0,9.0,5.0,7.0,7.0,8.0,4.0,2.0,4.0,7.0,6.0,9.0,7.0,7.0,8.0,,,,
2020-04-01 10:17:24,2020-04-01 10:22:59,3.0,10,7.0,1.0,8.0,4.0,8.0,4.0,4.0,7.0,3.0,9.0,2.0,8.0,8.0,7.0,7.0,8.0,7.0,Travel restrictions,Universal basic income,,
2020-04-01 09:58:23,2020-04-01 10:23:56,4.0,5%,5.0,4.0,6.0,11.0,8.0,9.0,9.0,9.0,10.0,3.0,1.0,6.0,8.0,8.0,9.0,11.0,11.0,"The root of the problem is a medical one not an economic one. Infection control measures will have implications for the economy. The trade-off is inherent and not a ""damage"" to the economy. A lack of control measures will also damage the economy. ","First, government must deal with the medical part of the problem (testing, ensuring protective gear for medical staff, hospital space, etc.). However, given the uncertainty with how long this will last, its is most important to provide stability for small/medium enterprises (SME) and households (HH). SME will have reduction in revenue and cash flow issues (utility payments, rent, salaries, etc.) They will need to be supported now through various schemes (some loans, some grants). HH will need to be supported primarily those who have lost jobs as a result of the virus and those who were previously unemployed and looking for work. Income support to those HH are necessary. Non-means tested support should not be a policy response. Larger enterprises will also have to be  supported through loan guarantees that have less state backing (i.e., easing their cash flow without providing outright grants and with conditions on maintaining employment, if relevant). ","The virus is a temporary reduction in aggregate demand which also resulted in a reduction in aggregate supply (through a reduction in labor force activity). Once the medical part of the shock is resolved, the policies should be to ensure aggregate demand is supported, which should support the return of the active labor force. ",The wording of some of the questions can be difficult to answer properly because the scenario depends so much on the medical situation. 
2020-04-01 10:22:28,2020-04-01 10:29:06,4.0,5,1.0,6.0,6.0,6.0,6.0,6.0,6.0,6.0,6.0,1.0,9.0,6.0,6.0,6.0,6.0,11.0,4.0,Social distancing,Reopen the economy,Reduce red tape,
2020-04-01 10:14:30,2020-04-01 10:41:07,4.0,3,9.0,5.0,8.0,4.0,1.0,3.0,3.0,7.0,9.0,5.0,4.0,6.0,6.0,4.0,7.0,9.0,7.0,"School closures, due to permanent loss in human capital","There are two important tasks. On the one hand, the government has to protect valuable intangible assets in firms, which will likely be lost after bankruptcy. On the other hand, government should redistribute the cost of the crisis to those that can burden it most easily. Any measure the government takes has to be debt-financed. This will allow the government to benefit from low interest rates, and ideally it will cause some inflation (or at least no deflation). Please don't touch the oil fund, when its value is rock bottom, and I think anyone can see that we should not increase taxes at this moment.","From an economic point of view, by far the most important policy outcome is to ensure that we will not need another lockdown. I would therefore say that Asian-style (e.g. South-Korea and Singapore) style prevention measures against new infections are the most important measures you can take after lockdown.","There are quite a few typos in this translation. Also, the unemployment question concerns 2019 (??). I filled it out, the way it was stated, thinking there would be a follow-up for the end of 2020, but that turned out not to be the case.  With respect to the study, I feel a lot of focus lies on the lockdown measures. However, from a Norwegian perspective, I'd say the drop in the oil price, the drop in tourism, and the drop in asset prices is devastating as well, and entirely outside of the control of Norwegian policy makers.  "
2020-04-01 10:37:58,2020-04-01 10:51:51,4.0,8,1.0,5.0,9.0,9.0,6.0,7.0,7.0,11.0,4.0,1.0,3.0,8.0,11.0,3.0,9.0,9.0,11.0,Social distancing,Loan programmes for small- and medium-sized enterprises and unbureaucratic replacement payments for (temporarily) laid-off workers,,
2020-04-01 10:28:21,2020-04-01 11:07:07,4.0,5,1.0,6.0,11.0,11.0,11.0,6.0,11.0,11.0,11.0,11.0,11.0,1.0,6.0,6.0,6.0,6.0,6.0,Closed down all firms,Let people go to work,Make people and firms whole again,Wear masks and go to work
2020-04-01 11:10:23,2020-04-01 11:18:03,2.0,4.5,9.0,6.0,8.0,6.0,11.0,7.0,9.0,8.0,7.0,5.0,6.0,7.0,8.0,5.0,8.0,9.0,5.0,,,,
2020-04-01 09:58:23,2020-04-01 11:23:02,4.0,3.8,3.0,7.0,7.0,10.0,2.0,5.0,10.0,8.0,4.0,1.0,4.0,3.0,11.0,4.0,9.0,8.0,11.0,,GDP,GDP,
2020-04-01 11:12:10,2020-04-01 11:34:15,4.0,15%,7.0,5.0,8.0,6.0,3.0,7.0,5.0,8.0,7.0,7.0,5.0,7.0,8.0,7.0,7.0,10.0,9.0,Home confinement,Mimum income guarantee for all involuntary unemployed. Support of private entreprise in exchange for equity and convertible callable debt claims.,Support of business activity to restart econonic activity that will lead to increases in employment. ,"This event has made painfully clear several weaknesses in the Norwegian economy:  A: the too high dependence to the oil sector and the need to accelerate the reconversion of the sector to alternate., more sustainable activities, and the encouragement to find non oil- or mining applications for the oil sector technology  B: the overdependence for critical raw material and supplies  to the global supply chain. One needs in partnership with the EEC, to devise a strategy to remedy to this in times of reduced global flows. "
2020-04-01 11:20:01,2020-04-01 11:40:17,4.0,7,9.0,3.0,7.0,2.0,3.0,9.0,11.0,11.0,9.0,1.0,7.0,6.0,6.0,7.0,11.0,11.0,11.0,Travel restrictions,Support for small and medium sized businesses,Some stimulus of aggregated demand,The future of the oil price is an important omitted variable is all of this!
2020-04-01 11:13:42,2020-04-01 11:49:54,3.0,7,3.0,4.0,7.0,9.0,5.0,3.0,5.0,8.0,7.0,1.0,2.0,6.0,4.0,3.0,8.0,9.0,10.0,"Restrictions on transportation, lockdown/isolation policies affecting service providers and SMEs. ","Loan guarantees for small businesses, unemployment benefits extensions for temporarily unemployed","Temporary tax cuts. Provide a further stimulus for small businesses, reduce job search frictions, especially in services, tourism, cultural industries etc. ",-
2020-04-01 11:48:14,2020-04-01 12:00:36,3.0,5,9.0,3.0,9.0,11.0,11.0,9.0,9.0,11.0,10.0,3.0,3.0,7.0,9.0,3.0,8.0,9.0,9.0,travel restrictions within the country,financial support of SMEs in the form of cash transfers and loan guarantees,measures to keep effective interest rates for SMEs and private persons low,
2020-04-01 11:47:38,2020-04-01 12:03:16,3.0,8,4.0,1.0,11.0,6.0,1.0,6.0,1.0,11.0,11.0,1.0,1.0,6.0,6.0,6.0,11.0,11.0,11.0,None! The counterfactual of an un-managed COVID epidemic would be significantly more damaging than any infection control measures. ,Strengthen income support for unemployed (temporarily laid-off) workers and provide loan guarantees for firms in terms of access to working capital loans. Coordinate corporate loan re-negotiations for small and medium enterprises.  ,A large fiscal stimulus. In addition Norges bank should consider initiating quantitative easing measures and relax bank capital buffers. ,"The government should borrow to finance its spending during the corona crisis rather than tap into the oil fund. Asset prices are now depressed because of fire sales and elevated risk premia due to the massive uncertainty. These elevated risk premia also lead to an increase in the price of safe debt, which is precisely the debt that the Norwegian government can issue. After the crisis is over and asset prices have recovered the government can use the oil fund to manage the debt it has accumulated during the COVID crisis."
2020-04-01 11:54:44,2020-04-01 12:10:09,4.0,11,4.0,3.0,11.0,8.0,1.0,8.0,8.0,11.0,7.0,2.0,3.0,9.0,9.0,9.0,8.0,10.0,11.0,,"ensure companies remain afloat through loan guarantees, cheap lending facilities & suspension of bankruptcies and ensure these companies retain their workforce through wage subsidies","1. Ensure companies remain afloat (through loan guarantees, cheap lending facilities & prevention of bankruptcies) 2. kick start the recovery by implementing large, temporary tax cuts (including a temporary VAT tax cut to directly stimulate demand)","It's a terrible idea to take funding out of the oil fund at this time when stock markets have temporarily crashed and when interest rates on sovereign bonds are at an all time low. All extra government spending and loss of revenue should be financed by issuing government debt, at least as long as interest rates are low."
2020-04-01 12:28:12,2020-04-01 12:45:19,3.0,5,5.0,5.0,7.0,8.0,11.0,11.0,7.0,11.0,1.0,6.0,1.0,11.0,11.0,6.0,3.0,8.0,11.0,,"I think Norwegian Krone is too weak now.  Norwegian exports are concentrated in a very few industries, and firms in those industries also disproportionally consist of big firms (often multinationals) that have lots of markups and market powers. One the other hand, lots of Norwegian firms, relatively small business, in particular, heavly reply on exports from outside of Norway. So I think keeping Norwegian krone being weak for Norwegian Economy is actually not a good thing, the wisdom from international macro/trade should apply the opposite for Norway as Norway's economic structural is the opposite to countries, for instance, Germany or China.","Keep people work from home. I think this measure should continue especially for occupations that going to the workplace is not strictly necessary, probably until June. Also close gyms, public areas like concert halls, etc.   ","When we make people go back to work, it is also important to do it gradually and trade between the risk of further spread of the COVID19, and the particular strong negative impact for specific industries and occupations. Comparatively, certain services industries can gradually reopen, with limited entry or strict measures. While schools, universities, and some occupations can continue work from home for a longer time."
2020-04-01 12:56:13,2020-04-01 13:05:43,3.0,15%,6.0,4.0,8.0,11.0,8.0,9.0,9.0,9.0,8.0,1.0,6.0,8.0,8.0,6.0,7.0,8.0,11.0,International travel and mobility restrictions,Accommodative monetary policy ,Subsidized loans to SMEs,
2020-04-01 12:47:03,2020-04-01 13:13:04,3.0,6,4.0,2.0,11.0,11.0,6.0,4.0,4.0,4.0,9.0,9.0,1.0,11.0,11.0,6.0,4.0,11.0,11.0,,,,
2020-04-01 13:05:43,2020-04-01 13:13:19,3.0,5%,10.0,2.0,8.0,8.0,9.0,7.0,7.0,4.0,9.0,4.0,5.0,6.0,8.0,8.0,8.0,9.0,9.0,"The closing of shops and social gatherings, since these lead to a direct reduction in spending as well as reduce confidence in the economy. ",Loan guarantees for small and medium business to prevent concern about job losses and closures,Measures to ensure that jobs are not permanently laid off or made part-time by companies to ensure that post-crisis people return to normal life. ,
2020-04-01 13:05:56,2020-04-01 13:16:13,3.0,8,8.0,5.0,8.0,11.0,11.0,8.0,8.0,8.0,8.0,11.0,4.0,9.0,8.0,6.0,8.0,11.0,8.0,I dont think anyone can answer that at this stage,"universal basic income, and reopen the schools and kindergardens","too early too tell, need to evaluate the situation when we are there","I think you forgot a very important point which is the global level of uncertainty: about the crisis lenght and depth, about which policy should be followed, ... An important effect of making fast and strong policy choices is to reduce the uncertainty and that is positive."
2020-04-01 13:23:04,2020-04-01 13:30:48,3.0,12,7.0,3.0,8.0,6.0,4.0,4.0,5.0,9.0,7.0,2.0,3.0,6.0,7.0,8.0,8.0,9.0,8.0,Limiting ability of shops to be open.,Short-term support for business to maintain employment through guaranteed no interest loans.,Support for unemployed to return through employment through job matching and/or training.,
2020-04-01 13:21:41,2020-04-01 13:38:46,4.0,8%,3.0,4.0,8.0,7.0,1.0,8.0,8.0,8.0,7.0,6.0,3.0,8.0,4.0,3.0,7.0,8.0,8.0,I cannot judge.,Providing funding to private businesses and private people to bridge immediate liquidity needs. ,"In case that there is persistent and increased unemployment, stimulus projects might help. ","'- I do not think that the oil fund should be used as stock prices are depressed at the moment. If Norway issues bonds that are backed by the fund, they will be literally risk free. Then Norway can postpone selling stocks from the oil fund. - Many policies are implicit. Say, if the government opens restaurants right now, I cannot image that many people will eat out tomorrow. Hence, government might have limited control over changing restrictions."
2020-04-01 13:54:20,2020-04-01 13:58:20,3.0,7,8.0,3.0,7.0,11.0,11.0,5.0,6.0,6.0,9.0,1.0,4.0,7.0,7.0,7.0,9.0,10.0,8.0,closure of restaurants and small businesses,unemployment benefits,,
2020-04-01 14:03:38,2020-04-01 14:17:20,3.0,8,7.0,4.0,10.0,8.0,9.0,5.0,5.0,5.0,8.0,4.0,5.0,8.0,9.0,7.0,5.0,8.0,8.0,Home quarantine and resulting drop in consumption,"Transfers to unemployed, permittering",fiscal spending stimulus,
2020-04-01 14:23:52,2020-04-01 14:31:15,3.0,6.5,4.0,1.0,10.0,10.0,8.0,4.0,4.0,9.0,5.0,1.0,8.0,8.0,8.0,3.0,8.0,8.0,9.0,nearly close down of all retailing ,provide support for families in the most need of financial help that lost substantial share of income,facilitate loans to SMB ,no
2020-04-01 14:36:34,2020-04-01 14:46:59,3.0,15%,7.0,8.0,8.0,8.0,8.0,6.0,6.0,5.0,6.0,1.0,2.0,9.0,9.0,9.0,10.0,9.0,11.0,,,,
2020-04-01 15:15:04,2020-04-01 15:24:04,4.0,6%,1.0,3.0,4.0,8.0,6.0,7.0,10.0,9.0,7.0,1.0,11.0,8.0,9.0,3.0,9.0,9.0,4.0,Closed kindergartens and school 1-4th grade. Quarantines between municipalities. Closed borders.,Covering fixed cost for small businesses.,Measures that increase private consumption.,Government's ambiguous target of repressing vs. combatting the virus has given  rise to a too high uncertainty for businesses. A more clear guidance of strategi up front with targeted dates for reliefs of measures would have made less damage.
2020-04-01 15:34:42,2020-04-01 15:41:41,3.0,8,8.0,4.0,8.0,4.0,9.0,8.0,7.0,8.0,8.0,5.0,5.0,8.0,8.0,8.0,7.0,8.0,8.0,"stop lockdown early, not do random testing","investment in health, subsidies firms and workers, insured loan",expansionary fiscal policy,
2020-04-01 16:09:13,2020-04-01 16:17:22,3.0,5,3.0,2.0,7.0,9.0,9.0,9.0,9.0,10.0,9.0,3.0,7.0,9.0,9.0,6.0,9.0,4.0,7.0,"Loans to Norwegian, closed kindergardens and primary schools. Support oil industry",support firms' fixed cost ,governemnet spending /investments,
2020-04-01 17:35:32,2020-04-01 17:49:44,4.0,5,7.0,4.0,6.0,8.0,5.0,8.0,8.0,10.0,6.0,6.0,6.0,9.0,8.0,5.0,9.0,9.0,10.0,None. The most damaging for the economy would be to loose human capital due to this virus.,Help firms and households to survive the crisis by making sure they are able to meet their fixed costs.,Promote and help Norwegian firms to establish resilient supply chains relying on multiple sources to prevent future disruption in international trade.,Norway is also hit by the oil price geopolitical war which greatly add to the current crisis.
2020-04-01 20:57:06,2020-04-01 21:17:06,3.0,7,7.0,3.0,11.0,11.0,1.0,11.0,11.0,11.0,11.0,1.0,4.0,9.0,9.0,7.0,9.0,8.0,11.0,Everything that affects travel and leisure. The closing of schools and kindergartens should have affected the productivity of young parents as well.    ,Relief to businesses (and the laid-off workers). ,,
2020-04-01 22:36:19,2020-04-01 22:45:28,3.0,5,5.0,8.0,9.0,8.0,8.0,5.0,8.0,10.0,11.0,11.0,5.0,8.0,7.0,8.0,9.0,11.0,9.0,movement control,support consumer spending (direct income transfsr) and insuring against small and medium sized company bankruptcy,fiscal spending and labour market relaxation.,Synchronisation of policies with major trading partners to avoid beggar thy neighbour 
2020-04-02 09:16:01,2020-04-02 09:20:48,1.0,5,5.0,5.0,8.0,11.0,8.0,9.0,9.0,4.0,6.0,10.0,4.0,10.0,10.0,10.0,8.0,10.0,10.0,,,,
2020-04-02 21:17:47,2020-04-02 21:35:38,3.0,15,3.0,4.0,9.0,8.0,8.0,4.0,8.0,9.0,9.0,3.0,1.0,6.0,8.0,8.0,9.0,10.0,11.0,social distancing,widespread testing,app tracking who has been in contact  with an infected person over past 2 weeks to more quickly and effectively control potential new infections without need of heavy social distancing restrictions,
2020-04-01 14:24:44,2020-04-03 01:07:43,4.0,4,4.0,7.0,11.0,1.0,5.0,11.0,11.0,6.0,11.0,11.0,1.0,9.0,7.0,3.0,11.0,11.0,11.0,The partial shut down of industry and Commerce.,"Measures aimed at solving the lack of preparedness within and increasing the capacity of the health care system, compensating industry, businesses and people for the income lapse (both employed and unemployed) .","Let me start by quoting Mazzucato: ""A killer virus has exposed major weaknesses within Western capitalist economies. Now that governments are on a war footing, we have an opportunity to fix the system. If we don’t, we will stand no chance against the third major crisis – an increasingly uninhabitable planet – and all the smaller crises that will come with it in the years and decades ahead.""  Thus, measures should be aimed at preventing(mitigating) crises and meeting the needs of the future: building emergency preparedness in general, renationalising of some former government activities, initiate climate measures and green investments (to underpin the green shift) as well as undertaking measures aimed at reducing unfairness and economic inequalities in general.",
2020-03-31 14:33:48,2020-03-31 14:34:29,3.0,,10.0,10.0,,,,,,,,,,,,,7.0,8.0,11.0,,,,
2020-03-31 14:42:15,2020-03-31 14:45:25,1.0,12,9.0,2.0,,7.0,2.0,11.0,2.0,1.0,5.0,9.0,11.0,3.0,11.0,2.0,7.0,7.0,6.0,,,,
2020-04-01 08:51:49,2020-04-01 08:53:11,2.0,330,11.0,4.0,6.0,4.0,8.0,1.0,11.0,4.0,11.0,3.0,11.0,11.0,11.0,10.0,2.0,3.0,6.0,,,,
2020-04-01 09:57:15,2020-04-01 10:00:02,3.0,5,4.0,7.0,7.0,5.0,6.0,6.0,6.0,7.0,7.0,1.0,4.0,6.0,7.0,7.0,8.0,7.0,7.0,,,,
2020-04-01 09:56:55,2020-04-01 10:00:29,3.0,4,7.0,3.0,7.0,3.0,9.0,3.0,3.0,7.0,4.0,8.0,1.0,9.0,6.0,6.0,8.0,8.0,8.0,"Ikke tiltakene i seg selv. Det er situasjonen som er skadelig. At frisører ikke får holde åpent er ikke et ""tiltak"" det er sunn fornuft",Hjelper de som ikke klarer seg (barn og sårbare),Noe stimuli av næringer som sliter. ,At økonomer bør holde seg til økonomi og ikke tro at de kan regne seg til hva som er gode tiltak. 
2020-04-01 09:57:15,2020-04-01 10:01:12,3.0,3,11.0,1.0,2.0,4.0,7.0,8.0,8.0,10.0,11.0,1.0,1.0,6.0,6.0,6.0,11.0,11.0,11.0,,,,
2020-04-01 09:57:28,2020-04-01 10:04:38,3.0,4,8.0,3.0,8.0,3.0,6.0,1.0,1.0,5.0,5.0,1.0,1.0,8.0,6.0,6.0,4.0,11.0,6.0,Skole- og barnehagestenging,Sørge for at husholdninger ikke går konkurs,Tiltak som også borger for en omstilling av norsk økonomi,Jeg synes økonomer er altfor unyanserte i sin vurdering av tiltakene. Tiltakene kommer på toppen av en tilbakegang som ville skjedd uansett pga. hva som skjer i utlandet. 
2020-04-01 10:00:08,2020-04-01 10:05:28,4.0,"3,9",4.0,8.0,9.0,8.0,8.0,4.0,4.0,7.0,4.0,10.0,8.0,8.0,6.0,8.0,8.0,8.0,8.0,Stenging av barnehager og de laveste trinnene i grunnskolen.  ,Støtte til de som mister jobben blir permitterte,,
2020-04-01 09:58:15,2020-04-01 10:05:38,4.0,15,11.0,1.0,5.0,11.0,11.0,6.0,8.0,7.0,4.0,4.0,4.0,9.0,8.0,6.0,8.0,11.0,11.0,Vet ikke,Kompetanseheving,Vanskelig å vite nå,
2020-04-01 10:01:05,2020-04-01 10:06:27,4.0,8,6.0,8.0,11.0,11.0,1.0,6.0,6.0,5.0,11.0,11.0,3.0,11.0,9.0,6.0,11.0,11.0,11.0,Nedstenging av visse virksomheter,Omfordeling av inntekt,Omfordeling av inntekt. Statlig overtakelse av virksomheter som har fått omfattende offentlig støtte.,Statlig overtakelse av virksomheter som har fått omfattende offentlig støtte.
2020-03-31 21:28:56,2020-04-01 10:10:09,3.0,5,8.0,2.0,3.0,1.0,9.0,10.0,11.0,11.0,11.0,6.0,4.0,8.0,9.0,8.0,11.0,11.0,11.0,Stengte skoler,Umiddelbar kompensasjon for økonomiske tap,,
2020-04-01 10:01:11,2020-04-01 10:10:32,3.0,5,4.0,8.0,8.0,9.0,1.0,1.0,1.0,9.0,1.0,1.0,1.0,9.0,5.0,5.0,9.0,9.0,9.0,"Prøver å redde svake bedrifter, f.eks. Norwegian. ",,De som er de mest effektive for samfunnet/felleskapet,Samfunnsøkonomer bør være mindre bastante i sine meninger. Koronaviruset er ikke det samme som influensa. Det er mer smittsomt og gir vesentlig høyere dødelighet. I tillegg blir mange innlagt på sykehus med alvorlige symptomer. Sykehuskapasiteten er under press. Samfunnsøkonomene som har uttalt seg (bl.a. i DN/VG) forenkler problemstillingene for mye. Det er en del indirekte kostnader ved en slik epidemi som samfunnsøknonomer undervurderer. 
2020-04-01 09:58:16,2020-04-01 10:11:48,3.0,"3,7",2.0,8.0,10.0,10.0,10.0,7.0,4.0,8.0,10.0,10.0,11.0,8.0,10.0,6.0,9.0,10.0,10.0,Stenging av skoler reduserer åpenbart foreldres mulighet til å jobbe. i ,"Hindre at kunnskapsintensive eksport/produksjonsbedrifter stopper opp/ går konkurs. Enklere å få i gang reiseliv, restauranter etc.",viktig at man stimulerer bedrifter som kan skaffe norge eksportinntekter på sikt.,"private bedrifter bør ikke nødvendigvis kompenseres fult ut. lønninger og - avkastning for eiere er høyere i privat sektor fordi det tross alt er mye større oppside, og begrenset nedside (limited liability) ved konkurs. Det blir dermed feil om staten skal dekke alt. Det har alltid vært økonomiske kriser ved ujevne mellomrom, og dette bør enhver investor/bedriftseier diskontere inn - og dermed også være forberedt på"
2020-04-01 10:08:09,2020-04-01 10:11:59,4.0,3.5,4.0,6.0,9.0,7.0,4.0,2.0,2.0,9.0,7.0,4.0,7.0,9.0,9.0,8.0,6.0,6.0,6.0,Å stenge barneskolene.,Å åpne barneskolene.,,
2020-04-01 10:00:35,2020-04-01 10:12:32,3.0,6 ,6.0,3.0,6.0,6.0,11.0,3.0,6.0,6.0,8.0,6.0,6.0,6.0,6.0,6.0,6.0,9.0,6.0,,,,Står 2019 i spm 2
2020-04-01 09:57:09,2020-04-01 10:12:52,3.0,10,1.0,9.0,8.0,6.0,8.0,4.0,3.0,5.0,7.0,7.0,1.0,8.0,1.0,8.0,6.0,8.0,11.0,Er uenig i problemstillingen. Vi har vel lite begrep om hvilke kostnader som vil komme dersom vi ikke innfører noen smittevernstiltak. Når vi snakker om kostnader høres det ut som det er et alternativ å ikke ta noen kostnader - men nå er nå engang viruset her. ,"Å fremskaffe bedre informasjon om viruset, effekt av smitteverntiltak etc. Når vi vet mer om varighet og dybde til krisen kan vi fatte bedre beslutninger mht økonomi. F.eks: Vil mange lavinntektsjobber forsvinne permanent? Eller vil dette bli en midlertidig tilstand med permitteringer?",Å bidra til at arbeidsledige kommer tilbake i jobb. Kanskje kan man i større grad bruke ufaglærte i helsesektor og andre yrker? ,Antar dere mener 2020 og ikke 2019 i spm angående arbeidsledighet.   Prediksjoner er litt meningsløst gitt hvor lite vi vet om hvordan dette kommer til å gå. Vi bør derfor føre en politikk som er robust for både forverring og forbedring relativt til fremskrivinger i syke.   
2020-04-01 10:03:19,2020-04-01 10:13:17,3.0,6,6.0,8.0,6.0,4.0,1.0,1.0,1.0,3.0,8.0,5.0,9.0,1.0,1.0,3.0,1.0,11.0,7.0,Stenging av skoler og barnehager.,Sikring av livsgrunnlag for husholdninger. Passe på at næringslivet har likviditet.,Vet ikke.,
2020-04-01 10:00:38,2020-04-01 10:14:43,4.0,7,1.0,4.0,7.0,1.0,8.0,9.0,9.0,9.0,8.0,1.0,1.0,4.0,6.0,6.0,11.0,11.0,11.0,"Nedstenging av skoler og barnehager, men trolig bedre enn det kontrafaktiske",Kompensere SMB ,Støtte og låneordninger til SMB som er lønnsomme i fravær av oljeprissjokk,Flott at dere gjennomfører studien. 
2020-04-01 10:08:29,2020-04-01 10:14:44,3.0,6,5.0,3.0,11.0,8.0,2.0,3.0,7.0,8.0,8.0,3.0,4.0,4.0,8.0,6.0,9.0,9.0,9.0,Stenging av skolene,Dekke løpende utgifter,,
2020-04-01 09:58:44,2020-04-01 10:14:48,4.0,8,5.0,7.0,10.0,11.0,11.0,10.0,10.0,9.0,10.0,3.0,3.0,9.0,9.0,6.0,11.0,11.0,11.0,"Vanskeligt å utnevne et tiltak som er DET mest skadelige.  Portforbuddet utgjør nok den største skade (men er jo helt nødvendig): butikker, selvstendige og  små bedrifter risikerer at gå konkurs fordi likviditeten falder helt bort. Barnehage og skolestengning gjør det vanskelig for folk der ellers kunne jobbe hjemmefra å jobbe på fullt.",Likviditetsstøtte til under-normale-omstændigheder-sunde bedrifter bla i form av garantiordninger til banker o.lign.,"Jeg mener stadig den største fare efterpå er at mange små og mellemstore bedrifter kollapser, og det kan påvirke den finansielle sektor på lengere sikt. Problemer er hvis det økonomiske grundlaget for visse sektorer endrer sig på lengere sigt, hvordan skelner man da ml hvilke bedrifter der bør gjeldsaneres og de der ikke lengere er rentable?",
2020-04-01 10:04:03,2020-04-01 10:15:09,4.0,10%,4.0,4.0,3.0,3.0,6.0,1.0,4.0,7.0,1.0,7.0,7.0,2.0,3.0,7.0,9.0,11.0,6.0,,,,
2020-04-01 09:58:20,2020-04-01 10:16:07,3.0,5,6.0,4.0,4.0,8.0,7.0,4.0,3.0,6.0,9.0,8.0,3.0,9.0,7.0,7.0,8.0,9.0,7.0,stenging barnehager og skoler,inntektsstøtte til privatpersoner som har fått kraftig redusert inntekt,,en rekke av spørsmålene vil her bare være synsing og meninger fra oss samfunnsøkonomer på tema der mange av oss egentlig ikke har noen høy kompetanse. 
2020-04-01 10:12:23,2020-04-01 10:16:20,3.0,10,7.0,1.0,6.0,7.0,3.0,5.0,9.0,11.0,7.0,1.0,1.0,6.0,1.0,1.0,11.0,11.0,11.0,,,,"Nå får vi la realfagsfolkene styre en stund slik at vi ikke dør alle mann, så får økonomene heller komme på banen for å få fart på økonomien når den umiddelbare faren er over."
2020-04-01 09:57:34,2020-04-01 10:16:29,3.0,3,7.0,3.0,7.0,9.0,2.0,5.0,5.0,11.0,5.0,1.0,2.0,8.0,6.0,4.0,11.0,11.0,11.0,Stengte skoler og barnehager.,Sikre levedyktige bedrifter. (Inntektskompensasjon snarere enn lån.),Aktivitetsskapende tiltak.,
2020-04-01 10:00:43,2020-04-01 10:17:50,4.0,3%,6.0,4.0,8.0,11.0,1.0,8.0,8.0,8.0,11.0,1.0,8.0,9.0,9.0,10.0,10.0,11.0,9.0,Hard to single one out. ,We need to keep paying wages to employees to prevent a collapse in consumption after everything is over.  ,Support for SMB companies ,"Equity owners in firms that had risky financing policies to start with should not be bailed out, i.e. Norwegian. Second of all we need to change how the system of permitteringer works. Why not let people continue to work for their companies? Germany has a system called Kurzarbeitergeld that does that. "
2020-04-01 10:12:00,2020-04-01 10:20:24,3.0,"3,9",8.0,5.0,7.0,9.0,9.0,6.0,7.0,7.0,5.0,3.0,2.0,7.0,6.0,4.0,8.0,8.0,8.0,,,,
2020-04-01 10:06:44,2020-04-01 10:20:56,3.0,"2,3",4.0,5.0,9.0,9.0,9.0,5.0,5.0,7.0,10.0,3.0,1.0,6.0,6.0,6.0,9.0,9.0,9.0,"Ingen, oljeprisfall er mer skadelig på sikt",Omtrent som pakkene som går gjennom stortinget etter bearbeiding av regjeringens forslag i komiteene,"Vanskelig å si, siden oppheving vi skje gradvis, og lokale smitteverntiltak vil vedvare eller bli gjeninnført på kort varsel. Trolig opplæring i bransjer med bortfall av utenlandsk arbeidskraft, samt støtte til leverandørindustri. ","Viktig å knytte vedvarende bruk av oljefondet til grønn skifte.  Spørsmål om arbeidsløshet over er for 2019, da 2,3% er tallet for 12/2019. Dersom det var 12/2020 som var meningen, trolig 5%helt ledige, mer (9%) i Rogaland og Vestland pga. samtidige oljeprisfall."
2020-04-01 10:04:25,2020-04-01 10:21:06,3.0,5,8.0,3.0,8.0,11.0,8.0,3.0,3.0,11.0,5.0,7.0,4.0,9.0,7.0,9.0,11.0,11.0,11.0,Forbudet mot at mange mennesker samles på ett sted,Sørge for støtte til små og mellomstore bedrifter for å sikre at de overlever krisen,Lav rente for å stimulere økonomien,Vanskelig å vite hva fremtiden vil bringe; si står midt oppi en eksepsjonell situasjon. Uklart om samfunnsøkonomer har så mye bedre svar på disse spørsmålene enn folk flest (som følger litt med)
2020-04-01 09:58:28,2020-04-01 10:25:13,4.0,"2,2%",6.0,3.0,8.0,9.0,7.0,7.0,7.0,9.0,8.0,5.0,6.0,6.0,6.0,6.0,10.0,11.0,10.0,,,,
2020-04-01 10:23:39,2020-04-01 10:27:14,3.0,6,8.0,6.0,9.0,9.0,9.0,4.0,7.0,10.0,9.0,2.0,6.0,8.0,8.0,7.0,8.0,7.0,8.0,Yrkesforbud,Sikre likviditet,"Sikre at bedrifter med positiv balanse overlever, på tross av likviditetsproblemer",
2020-04-01 09:58:40,2020-04-01 10:27:48,3.0,"3,9%",4.0,3.0,8.0,11.0,9.0,2.0,10.0,11.0,9.0,2.0,2.0,6.0,6.0,6.0,11.0,11.0,11.0,"Kostnadene av epidemien skyldes vel ikke først og fremst myndighetenes tiltak, men selve sykdommen. Det er vanskelig å se for seg at økonomien kan blomstre før vi har en viss kontroll på pandemien. Tiltakene må vurderes etter deres effektivitet i å bidra til mer kontroll med sykdommen. Vi vet alt for lite om både kostnad og effekt av de ulike tiltakene. Stengte barnehager og barneskoler holder mange foreldre borte fra arbeid, og har andre kostnader, men kan være viktige ledd i å signalisere alvoret i pandemien - i tillegg til at det reduserer smitte. Men hvor mye vet vi alt for lite om. ","Til i dag (1.4.) ser det ut til at myndighetene har gjort mye. Ang. forslaget om kontantoverføring i tidligere spørsmål: Som første tiltak var det et godt forslag, men nå når det ville komme på toppen av alle andre tiltak, er det mer usikkert. Jeg likte Kalle Moenes forslag, men det var ikke en gave, men et betinget lån: De som ikke trengte det (som oss fast ansatte i staten) ville betale tilbake ved skatteoppgjøret i 2021",,"Dere spurte om arbeidsledighet ved utgangen av 2019. Og det var det jeg svarte på, men jeg regner med at det egentlig var ved utgangen av 2020 dere mente? "
2020-04-01 10:03:21,2020-04-01 10:29:22,4.0,3,7.0,8.0,9.0,6.0,8.0,6.0,6.0,8.0,5.0,1.0,7.0,6.0,6.0,6.0,9.0,9.0,10.0,"Vanskelig å peke på enkelttiltak, men en kost/nytte-analyse vil kanskje indikere at stenging av barnehage/barneskole var unødvendig. ",Støtte for å hindre at bedrifter som egentelig har livets rett etter krisen ikke må nedlegges. ,Motkonkjunkurpolitikk,"Blir interessant å se resultatene! Kunne godt tenkt meg spørsmål ikke bare om vekst i BNP om ett år, men også nivå."
2020-04-01 10:27:33,2020-04-01 10:31:11,4.0,10,4.0,4.0,9.0,2.0,7.0,10.0,11.0,10.0,10.0,1.0,8.0,6.0,6.0,9.0,9.0,9.0,11.0,,,,Randomsiert testing for antistoffer i befolkningen bør brukes for å overvåke spredningen til enhver tid.  
2020-04-01 10:21:31,2020-04-01 10:32:57,4.0,5,5.0,7.0,4.0,5.0,6.0,9.0,9.0,11.0,10.0,6.0,8.0,6.0,7.0,8.0,9.0,9.0,11.0,,,,
2020-04-01 10:26:01,2020-04-01 10:33:18,3.0,5,10.0,1.0,10.0,11.0,11.0,6.0,11.0,11.0,9.0,1.0,11.0,11.0,11.0,6.0,11.0,11.0,11.0,"Stenging av skoler og barnehager, stenging av utlendingers innreise",Dekning av bedrifters tap og dagpenger for permitterte.,Akselerering av vedlikehold av infrastruktur,"Sykdommen rammer først og fremst gamle som har sykdommer fra før. Det er uansvarlig å stenge unge og friske mennesker ute fra sine arbeidsplasser, og barn fra skoler og barnehager, for å redde folk som har kort og lite givende levetid igjen."
2020-04-01 10:21:35,2020-04-01 10:36:01,3.0,8,7.0,2.0,7.0,3.0,3.0,4.0,4.0,4.0,8.0,7.0,7.0,8.0,8.0,6.0,7.0,8.0,8.0,"Av de tiltakene som det kan gjøres noe med: lokale karanteneregler, barnehage og skole (for de minste barna). ",Lønnssubsidier slik at bedrifter holder på arbeidsstyrken heller enn å permitere.,Igangsetting av offentlige vedlikeholdsprosjekter.,
2020-04-01 10:30:31,2020-04-01 10:36:31,3.0,5,9.0,7.0,5.0,3.0,1.0,11.0,11.0,11.0,11.0,3.0,1.0,8.0,7.0,6.0,11.0,11.0,11.0,,,,
2020-04-01 09:58:38,2020-04-01 10:41:29,3.0,4,4.0,1.0,11.0,6.0,1.0,9.0,11.0,9.0,6.0,1.0,9.0,7.0,9.0,7.0,11.0,11.0,11.0,Stenging av barnehager og diverse andre servicebedrifter,Hindre konkurser blant levedyktige bedrifter,Ordninger for å hindre konkurser og fjerning av arbeidsgiveravgift i hardt rammede bransjer,Det blir svært krevende å bruke skattesystemet til å fordele byrden rettferdig mellom de som ble hardt økonmisk rammet og de som er relativt uberørte.
2020-04-01 10:04:21,2020-04-01 10:41:35,4.0,10,4.0,4.0,10.0,10.0,7.0,7.0,7.0,9.0,7.0,7.0,3.0,10.0,8.0,9.0,11.0,11.0,11.0,"If Norway is succesfull in suppressing the epidemic in a way that allows for a faster normalization, I think most of these policies may turn out to be a good investment. I believe the Norwegian economy would have been hit very hard even without any of these policies. This is seen in Sweden, where all sectors related to tourism and the hospitality industry are affected even without such restrictions, because many customers simply stay away. It is also impossible to escape the effects of the global economic crisis. Re-opening restaurants and bars under some regulation may be a good starting point in the normalization.","Mitigating the negative effect on industries and workers who are hit particularly hard, in order to avoid too many bankruptcies and an unnecessarily large surge in unemployment.",Necessary infrastructure investments etc. may be initiated earlier than originally planned. This may also be an excellent opportunity for investing in sustainable energy to ensure that Norway lives up to the Paris agreement.,"In its recent switch to a suppression strategy, Norway has chosen a different path than many other European countries. Provided that an effective program for testing, contact tracing, and isolation is maintained, it is my impression that this will enable a faster reopening of the society than in most countries, although restrictions on travels from abroad may need to be maintained for a longer period."
2020-04-01 10:27:01,2020-04-01 10:41:54,3.0,7%,4.0,8.0,7.0,11.0,10.0,6.0,7.0,9.0,8.0,4.0,8.0,6.0,6.0,6.0,9.0,10.0,10.0,Nedstegning av barnehager / skoler,Sikre inntekt til permiterte og dekke inn deler av faste kostnader for levedyktige bedrifter som er rammet. ,Opprettholde investeringstakt i offentlig sektor + lav rente,
2020-04-01 10:32:06,2020-04-01 10:47:57,4.0,7,1.0,4.0,11.0,11.0,11.0,8.0,6.0,11.0,11.0,11.0,3.0,7.0,8.0,8.0,9.0,11.0,11.0,stenging av skoler og univeristeter,forsikre inntekt til husholdningene,"holde renten lav lenge, stimulere etterspørsel",
2020-04-01 10:47:13,2020-04-01 10:50:49,3.0,18,9.0,2.0,8.0,11.0,11.0,5.0,2.0,9.0,3.0,1.0,9.0,11.0,11.0,3.0,9.0,3.0,6.0,,,,
2020-04-01 10:45:31,2020-04-01 10:53:59,4.0,5,4.0,8.0,7.0,11.0,8.0,2.0,11.0,11.0,2.0,3.0,9.0,9.0,8.0,9.0,10.0,10.0,11.0,Nedstengning av tilbudssiden av økonomien,Permitteringsregler,Tilbudssidestimulans,Nei
2020-04-01 10:19:17,2020-04-01 10:57:29,3.0,5,4.0,8.0,7.0,10.0,8.0,6.0,6.0,8.0,3.0,6.0,4.0,9.0,6.0,7.0,9.0,9.0,9.0,"Stengte barnehager og grunnskoler, som gjøre at store deler av arbeidsstyrket ikke kan gå på arbeid; At noen næringer har blitt tvunget til å kutte all aktivitet. ","Kontantstøtte til bedrifter, siden vi står i fare for å tape ugjenkallelig organisajonskapital i bedrifter som hadde overlevd i normale tider; utvidelse av permisjonsreglene; stoppe utbytte blant bedrifter som får statlige lånegarantier; overvåke situasjonen nøye, og åpne barnehager og grunnskoler så fort som mulig",Hvis veksten vil avta på lang sikt vil det være lurt å sette igang store offentlige infrastruktur prosjekter. Man bør ikke gi store statlige bidrag til spesifikke næringer som flybransjen og oljenæringen. ,"Det er veldig vanskelig å identifisere effektene på økonomien med og uten smitteverntiltak. Uten de strenge smitteverntiltakene ville den negative effekten på Norges økonomi fortsatt være stor som følge nedgang i handel, lavere oljepris, osv. Når dere spør: ""bør, rettferdig, effektivt... å kompensere alt tap som følge av smitteverntiltak"" er det i virkeligheten umulig å svare på fordi man ikke kan identifisere de økonomiske effektene som er en direkte følge av myndighetenes smitteverntiltak (selv om frisøren ikke måtte legge ned, vil det uansett vært færre kunder). Jeg har derfor valgt ""5"" på disse spørsmålene. "
2020-04-01 10:51:28,2020-04-01 10:59:07,4.0,9,2.0,8.0,11.0,9.0,9.0,7.0,8.0,6.0,11.0,11.0,1.0,3.0,3.0,6.0,8.0,10.0,10.0,Tiltak mot konsumrelaterte bransjer,"Sosial distansering, stengte skoler og stengte sykehjem",Infrastrukturprosjekter. Forser alle planlagte infrastrukturprosjekter knyttet til vei og jernbane. La kommunene ta vedlikeholdsprosjekter- både store og små for å få aktivitet i bygg og anlegg hos store og små virksomheter. Sats på å få sterke multiplikatorprosesser.   ,
2020-04-01 10:53:03,2020-04-01 10:59:16,3.0,10,3.0,9.0,7.0,8.0,2.0,8.0,7.0,5.0,8.0,8.0,9.0,5.0,8.0,6.0,8.0,10.0,8.0,,,,
2020-04-01 10:34:07,2020-04-01 11:00:10,4.0,12,4.0,4.0,3.0,1.0,11.0,6.0,1.0,8.0,6.0,3.0,1.0,7.0,6.0,7.0,11.0,11.0,11.0,Stengning av skoler og barnehager,Tiltak for å dekke driftskostnader i bedriftene,Sikre likviditet i bedriftene,"Det er svært stor usikkerhet om nær sagt alt både på de medisinske og økonomiske dimensjonene, og derfor vanskelig (umulig?) å ha godt kvalifiserte gjetninger. "
2020-04-01 10:47:42,2020-04-01 11:05:52,2.0,6,6.0,4.0,8.0,9.0,5.0,9.0,9.0,9.0,8.0,5.0,3.0,6.0,11.0,4.0,11.0,11.0,9.0,Stenging av enkelte bransjer. ,Karantene av individ og husholdning ved påvist smitte. ,Begjelping av likviditetsproblemer. ,Jeg tror mange overvurderer de negative virkningene av smittevernstiltakene fordi normaltid blir implisitt brukt som referansealternativ. F.eks. er det vanskelig å se for seg at reiselivsbransjen og frisører ikke hadde opplevd en kraftig nedgang i aktivitet i fravær av lovpålagte begrensninger.
2020-04-01 10:52:52,2020-04-01 11:09:37,3.0,"3,5",9.0,3.0,8.0,11.0,11.0,9.0,9.0,11.0,10.0,1.0,1.0,10.0,8.0,9.0,10.0,10.0,11.0,kanskje stenge barnehager og barneskolen,,,"Bruk oljepenga nå, men selvsagt med fornuft!"
2020-04-01 11:09:07,2020-04-01 11:12:44,3.0,5,6.0,1.0,11.0,11.0,6.0,6.0,6.0,6.0,8.0,1.0,2.0,4.0,7.0,6.0,6.0,11.0,6.0,,,,
2020-04-01 11:07:07,2020-04-01 11:24:50,3.0,9,9.0,8.0,9.0,1.0,6.0,9.0,9.0,10.0,9.0,8.0,3.0,9.0,7.0,8.0,11.0,11.0,11.0,"Reagerer på ordet ""skadelig"", men tolker det som ""reduserer økonomisk aktivitet mest"" (men det er ønskelig nå). På kort sikt: Begrensningen i sosial interaksjon. På lang sikt: Dette tiltaket kan gjøre at helsevesenets belastning ble håndterbar, og således tolkes som en investering, altså en nedgang i en inntektsstrøm i dag for å få en oppgang i inntektsstrøm senere.",Begrensningen på sosial interaksjon. Det er det mest virkningsfulle.,Massive investeringer i helsevesenet og utdanning av helsepersonell.,
2020-04-01 11:26:49,2020-04-01 11:35:11,3.0,6%,4.0,7.0,11.0,6.0,8.0,8.0,8.0,8.0,9.0,4.0,4.0,9.0,9.0,9.0,9.0,9.0,11.0,nedstenging av skoler og barnehager,Dekning av faste kostnader for bedriften som er rammet. Lønnskompensasjon.,Lave renter Ekspansiv finanspolitikk ( sette i gang offentlige prosjekter ),
2020-04-01 11:28:27,2020-04-01 11:35:18,4.0,5,3.0,3.0,6.0,6.0,9.0,3.0,3.0,6.0,9.0,4.0,8.0,8.0,6.0,6.0,9.0,11.0,11.0,Stengningen av barnehager og skoler,Dagpenger,Det spørs hvor lang tid det tar,Mange av spørsmålene er vanskelig å besvare siden det er stor usikkerhet både rundt lengden og omfanget av krisen
2020-04-01 11:22:06,2020-04-01 11:38:38,3.0,6,4.0,4.0,7.0,7.0,8.0,3.0,3.0,8.0,5.0,4.0,5.0,7.0,7.0,7.0,8.0,8.0,9.0,"Generelt alle tiltak som forhindrer mennesker å samles. Dette er nødvendig, men bremser aktiviteten i deler av økonomien kraftig.","Lånegarantiene og eventuelle lån med lav eller ingen rente er fornuftig. Da sikrer man at statskassen ikke går ""tom"", men at hjulene holdes i gang.","Tiltakene for de som permitteres. Det vil nok ta noe tid før bedriftene kommer seg igjen, og det er viktig for både bedrifter og arbeidstakere at de har en finansiell trygghet til ting er tilbake til normalen.",
2020-04-01 11:33:39,2020-04-01 11:40:42,3.0,6%,9.0,1.0,1.0,1.0,1.0,1.0,5.0,7.0,4.0,3.0,11.0,3.0,5.0,6.0,6.0,5.0,8.0,stenge skoler,åpne skoler snarest,unngå vekst i offentlig sektor,"mange bekymringer, spesielt vekst i offentlig sektor, og at handlingsregelen kan bli ""gammeldags"" og ""utdatert"". og selvsagt at panikken som nå har bredt seg i forvaltningsapparatet og blant politikere gjør at mange tiltak blir iverksatt som er ekstremt litte kostnadseffektive."
2020-04-01 11:41:24,2020-04-01 11:45:50,3.0,6,2.0,5.0,3.0,3.0,4.0,6.0,7.0,5.0,6.0,3.0,9.0,4.0,4.0,4.0,8.0,6.0,3.0,TIltak som i praksis påtvang hjemmekontor,Reversere hjemmekontor-tvang,,"litt upresise spørsmål. Hva veksten er i slutten av 2020 er ikke så meningsfylt i seg selv, all den tid det vil avhenge av nivået av BNP per slutten av året, osv."
2020-04-01 11:43:28,2020-04-01 11:50:47,4.0,8,4.0,8.0,10.0,8.0,3.0,4.0,4.0,8.0,6.0,3.0,11.0,3.0,6.0,6.0,8.0,10.0,9.0,Nedstengning av mange sektorer Nedstengning av skoler høy skadelighet i forhold til effekt på smittevern,"Kompensere permitterte, holde liv i mest mulig levedyktig næringsliv",Få flest mulig bedrifter og sysselsetting opp igjen,
2020-04-01 11:41:09,2020-04-01 11:51:07,4.0,10,1.0,4.0,11.0,8.0,1.0,2.0,2.0,8.0,11.0,6.0,2.0,6.0,6.0,6.0,11.0,11.0,11.0,Manglende reiseforbud innenlands,100% lønn for permitterte ut perioden,"Overføringer tilsvarende to månedslønninger til bedrifter som vil ansatte tidligere permiterte, samt overføringer til arbeidsledige. I form av nye sentralbankpenger. ",
2020-04-01 11:45:08,2020-04-01 11:52:49,3.0,6,2.0,9.0,11.0,11.0,6.0,6.0,8.0,9.0,2.0,3.0,6.0,9.0,6.0,6.0,8.0,9.0,9.0,,,,
2020-04-01 10:19:33,2020-04-01 11:54:28,3.0,"6,5",5.0,8.0,7.0,8.0,7.0,5.0,5.0,9.0,9.0,4.0,3.0,8.0,7.0,8.0,8.0,11.0,11.0,Unyansert nedstenging av arbeidsplasser,"1) Forskutteringsordning for dagpenger 2) Utsettelse av alle frister for innbetalinger av skatt og avgifter mm 3) Betydelig bedrede lånebetingelser og lånegarantier 4) Større overføringer til kommunene 5) Storstilt organisert kompetanseutvikling av alle ledige, utlån av it utstyr til dette formål ",Nyansert subsidiere arbeidsplasser i en overgangsfase. Sterk motkonjukturpolitikk og undertrykking av inflasjon.,
2020-04-01 11:52:33,2020-04-01 11:55:41,3.0,7,1.0,8.0,11.0,4.0,8.0,9.0,11.0,9.0,8.0,11.0,9.0,4.0,5.0,4.0,9.0,8.0,11.0,,,,
2020-04-01 11:44:17,2020-04-01 11:58:07,4.0,12,1.0,8.0,8.0,7.0,8.0,7.0,7.0,9.0,9.0,1.0,6.0,7.0,8.0,6.0,11.0,11.0,11.0,Nedstengning av bedrifter,Kompensere inntektsbortfall for husholdninger som er rammet av tiltakene,Tiltak som øker sysselsettingen,
2020-04-01 11:57:42,2020-04-01 12:04:54,3.0,5,4.0,3.0,11.0,8.0,11.0,6.0,6.0,8.0,8.0,3.0,1.0,6.0,6.0,6.0,9.0,9.0,11.0,Virksomhetsforbud,Holde systemkritiske foretak i live,Ytterligere rentekutt Finanspolitisk etterspørselsstimulans Tiltak for å sikre gjenåpning av nedstengt kapasitet,Krisa viser hvor lite vi vet
2020-04-01 11:59:30,2020-04-01 12:07:07,4.0,8,4.0,4.0,11.0,9.0,6.0,6.0,8.0,8.0,11.0,11.0,6.0,10.0,8.0,9.0,8.0,11.0,9.0,Smitteverntiltakene I andre land og innreise forbud. Nedstenging av større arrangmenter.,Sørge for støtte for vanlige folk og økt likviditet for næringslivet,Variert støtte ,fint at dere foretaar den
2020-04-01 12:14:46,2020-04-01 12:18:32,3.0,3,11.0,2.0,8.0,11.0,11.0,6.0,11.0,9.0,9.0,3.0,1.0,8.0,8.0,8.0,11.0,11.0,11.0,,,,
2020-04-01 12:14:43,2020-04-01 12:19:09,3.0,15,5.0,7.0,8.0,7.0,6.0,5.0,4.0,6.0,4.0,1.0,8.0,6.0,7.0,7.0,5.0,8.0,7.0,Stengte skoler og barnehager,,Infrastruktur i landet,For omfattende. 
2020-04-01 12:14:18,2020-04-01 12:20:24,3.0,5,4.0,5.0,8.0,9.0,8.0,9.0,10.0,8.0,9.0,4.0,4.0,9.0,8.0,8.0,10.0,9.0,9.0,,,,
2020-04-01 12:11:26,2020-04-01 12:23:08,3.0,6%,3.0,4.0,8.0,4.0,7.0,9.0,11.0,11.0,10.0,4.0,3.0,8.0,7.0,4.0,11.0,11.0,7.0,"Stengte bedrifter (frisør, utesteder, spisesteder, osv). hvis disse går konkurs kan det ta lang tid før arbeidsledigheten faller og veksten tar seg opp igjen. ",Sikre overlevelse for bedrifter som ville vært lønnsomme dersom krisen ikke inntraff,Vet ikke. ,
2020-04-01 12:17:36,2020-04-01 12:24:23,3.0,15,2.0,8.0,8.0,5.0,6.0,9.0,9.0,8.0,7.0,3.0,4.0,9.0,7.0,8.0,10.0,6.0,10.0,,Støtte bedrifter slik at næringslivet og arbeidsplasser kommer tilbake til normalt nivå når krisen er over. ,En aktive finanspolitikk for å få fart i norsk økonomi,"Her er det noe alle skal lære. Tror på redusert mobilitet og mindre turisme, mer produksjon i Norge. "
2020-04-01 12:11:54,2020-04-01 12:30:23,3.0,6,4.0,2.0,8.0,9.0,3.0,3.0,8.0,8.0,11.0,11.0,1.0,9.0,9.0,9.0,8.0,11.0,8.0,,,,
2020-04-01 12:23:23,2020-04-01 12:30:55,4.0,10,6.0,2.0,10.0,10.0,11.0,4.0,6.0,9.0,6.0,4.0,1.0,9.0,6.0,10.0,10.0,10.0,10.0,,,,
2020-04-01 12:26:41,2020-04-01 12:32:53,4.0,10,9.0,9.0,8.0,6.0,7.0,7.0,7.0,8.0,6.0,6.0,5.0,8.0,6.0,6.0,9.0,9.0,8.0,Holde barnehager og skoler for lavere klassetrinn stengt,"Tiltak overfor permitterte og arbedisledige, samt selvstendige næringsdrivende ",Støtte til bedrifter som kan komme til å klare seg selv etter en viss tid,
2020-04-01 12:23:49,2020-04-01 12:35:14,3.0,6%,4.0,6.0,8.0,4.0,9.0,8.0,9.0,9.0,9.0,7.0,9.0,6.0,6.0,4.0,8.0,8.0,8.0,"Den største skaden på norsk økonomi kommer av adferdsendringer hjemme og ute som følge av coronapandemien, mye mindre skyldes smitteverntiltak.",,,"Undersøkelsen fokuserer utelukkende på effekten av smitteverntiltak. Det er rimelig å kompensere for det, men i praksis vil en da også kompensere for endringer som ikke skyldes smitteverntiltak. Hvor rettferdig og velbegrunnet det er, er langt mindre klart. "
2020-04-01 12:27:53,2020-04-01 12:35:40,4.0,10,4.0,1.0,11.0,11.0,9.0,5.0,5.0,8.0,10.0,11.0,9.0,6.0,6.0,6.0,7.0,10.0,4.0,Stenging av barnehager/barneskoler,Kontantoverføring til befolkningen,,
2020-04-01 12:12:54,2020-04-01 12:39:59,4.0,8,3.0,4.0,8.0,7.0,5.0,4.0,4.0,9.0,9.0,3.0,9.0,6.0,6.0,8.0,8.0,9.0,8.0,Stengte barnehager og skoler,"Åpner skoler og barnehager, særlig for familier med lav SES (for barnas skyld) men også for familier med høy SES (for de voksnes skyld, mer produktive)",Få folk i jobb igjen,
2020-04-01 12:30:25,2020-04-01 12:39:59,3.0,5,7.0,4.0,9.0,8.0,4.0,6.0,4.0,9.0,9.0,6.0,6.0,6.0,6.0,4.0,8.0,9.0,9.0,,,,
2020-04-01 12:15:34,2020-04-01 12:43:17,3.0,7,2.0,2.0,9.0,11.0,9.0,4.0,4.0,8.0,5.0,1.0,7.0,7.0,7.0,6.0,11.0,11.0,11.0,"Stengte barnehager, barneskole og ungdomsskole Restriksjoner på reiser (innenlands og utenlands)",Jeg hadde ønsket erstatninger til STW (short time work) for å minke permitteringer og langvarige effekter på arbeidsledighet. Likviditet til små og middelstore bedrifter Støtte til enkelmans bedrifter og folk uten fast stilling.,Jeg er ikke kompetent nok til å si,
2020-04-01 12:59:24,2020-04-01 13:06:11,3.0,5,4.0,4.0,9.0,7.0,10.0,8.0,9.0,11.0,11.0,6.0,6.0,10.0,10.0,9.0,11.0,11.0,11.0,Stenging av skoler og barnehager,"Dekning av faste kostnader for en del bedrifter. Lønnstillegg til bedrifter/institusjoner for å slippe at ansatte permitteres, for eksempel til offentlige institusjoner.",Motkonjunkturpolitikk,
2020-04-01 13:04:20,2020-04-01 13:09:17,4.0,8,4.0,2.0,8.0,10.0,6.0,1.0,5.0,9.0,6.0,1.0,10.0,6.0,6.0,6.0,4.0,9.0,8.0,,,,
2020-04-01 13:03:47,2020-04-01 13:10:04,4.0,7,7.0,7.0,6.0,11.0,6.0,6.0,6.0,7.0,7.0,5.0,1.0,7.0,5.0,6.0,8.0,9.0,8.0,"Tror ikke smitteverntiltakene har en negativ effekt hvis en tenker langsiktig (Sverige har en enorm krisepakke selv med få smitteverntiltak, så kortsiktig nedgang i økonomien kommer nok uansett). Tvert imot kan de tenkes å dempe de negative effektene av pandemien på økonomien.",,,
2020-04-01 12:57:21,2020-04-01 13:13:45,3.0,10,4.0,2.0,7.0,9.0,1.0,11.0,11.0,11.0,11.0,7.0,10.0,7.0,7.0,6.0,11.0,11.0,11.0,Total isolasjon og nedstengning istedenfor isolasjon rettet mot risikogrupper. Dog mulig at man kom så sent i gang at sistnevnte ikke lenger var et praktisk mulig alternativ (i alle fall ikke på kort sikt).,Man bør ikke ta av oljefondet nå fordi aksjeverdiene er midlertidig kraftig redusert. Samtidig er renten lav og det kan være tilløp at befolkningen sparer. Da er det bedre for staten å låne (utstede obligasjoner) som de betaler tilbake gjennom økte skatter når økonomien er styrket.,"Forhåpentligvis kommer økonomien igang av seg selv, men dersom befolkningen er blitt forsiktige (sparer) bør staten være klar til raskt å øke sine investeringer for å stimulere økonomien.",Denne krisen er en generalprøve i forhold til framtidige pandemier som kan bli betydelig verre. Etter krisen bør man lage nasjonale planer for hurtig og målrettet isolasjon av hele eller deler av samfunnet basert på lærdom fra denne krisen. 
2020-04-01 13:11:29,2020-04-01 13:15:15,3.0,7,4.0,4.0,8.0,9.0,8.0,4.0,7.0,8.0,6.0,3.0,7.0,5.0,4.0,6.0,7.0,9.0,9.0,,,,
2020-04-01 13:16:29,2020-04-01 13:19:53,3.0,6,6.0,9.0,8.0,9.0,11.0,3.0,3.0,5.0,1.0,1.0,11.0,3.0,3.0,1.0,11.0,9.0,11.0,Reiserestriksjoner,,,
2020-04-01 13:17:08,2020-04-01 13:21:20,4.0,8,1.0,9.0,11.0,11.0,11.0,5.0,5.0,5.0,9.0,1.0,2.0,6.0,7.0,6.0,10.0,10.0,10.0,,,,
2020-04-01 13:23:10,2020-04-01 13:31:49,4.0,10,4.0,9.0,11.0,10.0,3.0,9.0,9.0,5.0,9.0,3.0,1.0,6.0,6.0,6.0,8.0,11.0,8.0,Ikke nok smittevern,Penger til de med lav inntekt og delvis/fullt inntektstap,Offentlig etterspørsel (grønn omstilling),rart med fokus på nytte-kostnads analyse og (feil) bruk av VSL fra så mange og så lite på forskningen rundt katastrofer (Weitzman). 
2020-04-01 13:14:58,2020-04-01 13:38:17,4.0,4,3.0,6.0,11.0,6.0,8.0,5.0,5.0,8.0,8.0,9.0,1.0,7.0,7.0,7.0,11.0,11.0,11.0,"Kanskje stengte barnehager. Vanskelig å skille virkning av smitteverntiltak fra virkning av selve pandemien. Er basisalternativet pandemi uten tiltak overhodet, er det ikke opplagt at noen av tiltakene er skadelige for økonomien.",Sikre god og solidarisk fordeling av pandemiens kostnader.,"Etterspørselsstimulans, for å få hjulene i gang igjen",Påstander om hvilke tiltak som er økonomisk skadelige: Uklart (både her og i off. debatt) hva som er sammenlikningsgrunnlaget. Pandemi uten tiltak? Ingen pandemi og ingen tiltak? Pandemi og mindre omfattende tiltak?
2020-04-01 13:40:12,2020-04-01 13:46:21,3.0,6,4.0,8.0,10.0,9.0,8.0,7.0,9.0,8.0,8.0,8.0,6.0,8.0,8.0,8.0,8.0,10.0,9.0,Stengning av skoler og barnehager,Dagpenger til alle,Etterspørsels-stimulering,
2020-04-01 13:43:35,2020-04-01 13:47:11,4.0,7,4.0,3.0,8.0,8.0,6.0,7.0,8.0,8.0,8.0,4.0,6.0,6.0,5.0,5.0,9.0,9.0,9.0,,,,
2020-04-01 13:48:43,2020-04-01 13:52:24,3.0,5,4.0,6.0,7.0,8.0,4.0,6.0,7.0,7.0,8.0,10.0,4.0,6.0,6.0,6.0,9.0,9.0,9.0,,,,
2020-04-01 13:53:42,2020-04-01 13:55:37,4.0,10,1.0,2.0,10.0,9.0,4.0,1.0,1.0,11.0,1.0,6.0,6.0,4.0,3.0,1.0,6.0,10.0,11.0,,,,
2020-04-01 13:43:18,2020-04-01 13:55:37,3.0,7,4.0,2.0,8.0,4.0,4.0,5.0,3.0,10.0,9.0,3.0,1.0,7.0,9.0,7.0,9.0,8.0,10.0,Stengning av skoler,Billige lån til bedriftene,Offentlige investeringer og lønnssubsidier,"Tiltakene bør være strenge og vare lenge for å ikke sprenge sykehuskapasiteten og gi tid til utvikling av medisiner, kapasitet mv."
2020-04-01 13:43:35,2020-04-01 13:58:26,4.0,8,1.0,5.0,9.0,9.0,11.0,8.0,8.0,9.0,9.0,1.0,9.0,3.0,8.0,9.0,11.0,11.0,11.0,På lang sikt. Stengning av skoler samt full stans i arbeidsmakedet gir langtidsledige og dropouts,Åpne skoler . Lønnsubsidier snarere enn permittering i bedrifter som sliter,Utdanning og omstilling slik at unge som gamle kommer fort i meningsfull jobb. ,At Coronasykes liv er menneskeliv som fortjener at alt gjøres. Mens potensielle langtidsledige synes bare som redusert bnp-vekst og oljefondsutlegg der ingen kostnad synes for høy.
2020-04-01 13:56:20,2020-04-01 14:01:53,4.0,9,6.0,5.0,4.0,7.0,7.0,3.0,7.0,9.0,1.0,3.0,6.0,4.0,6.0,6.0,9.0,8.0,9.0,stengte skoler/barnehager,,,
2020-04-01 13:36:38,2020-04-01 14:02:14,3.0,5,3.0,4.0,8.0,6.0,6.0,4.0,4.0,9.0,8.0,3.0,4.0,7.0,7.0,7.0,8.0,9.0,9.0,"Kravene om karantene, isolasjon og sosial distanse. Nedstengning av virksomhet hvor det fremdeles fins en etterspørsel.",Troverdige garantier om lån og kompensasjon for å motvirke en konkursbølge.,Motkonjunkturpolitikk,
2020-04-01 13:52:35,2020-04-01 14:04:27,3.0,6,5.0,3.0,9.0,3.0,4.0,7.0,7.0,9.0,9.0,5.0,3.0,8.0,9.0,7.0,9.0,8.0,9.0,"Forbud mot frisørvirksomhet, fysioterapi, o.l.","Likviditet til næringslivet. Gjerne med begrensninger på utbytte og tilbakekjøp av aksjer, siden disse vil ramme likviditeten.",offentlige investeringer,"1) Interessant å se hvor sammensatte synspuktene på behovet for strenge smitteverntiltak er blant norske akademiske økonomer, mens man i mange andre land er så godt som samstemte positive, ikke minst i USA. 2) Mange økonomer er for tilfeldig testing av befolkningen, jeg også. Men samtidig sier myndighetene at det er mangel i verden på testutstyr. Det burde vært mer fokus på hvordan få gjort slike undersøkelser når testutstyr er begrenset."
2020-04-01 14:02:37,2020-04-01 14:07:52,2.0,7,5.0,4.0,9.0,11.0,8.0,9.0,6.0,8.0,11.0,9.0,3.0,9.0,9.0,6.0,9.0,11.0,9.0,I forhold til smitteverneffekten: stenging av skoler,Likviditetsstøtte til bedrifter,Få opp etterspørselen,"Noen upresise spm, var de normative (min mening) eller ikke"
2020-04-01 14:01:27,2020-04-01 14:16:19,3.0,10,5.0,4.0,8.0,11.0,8.0,5.0,5.0,8.0,11.0,1.0,11.0,9.0,9.0,11.0,9.0,11.0,9.0,Stenging av skoler og barnehager,Hjelp til familier som er i krise.,Fortsatt sikre familier i krise så folk får tilbake troen på fremtiden og opptrer som tidligere,"Vi må lære av denne krisen. Vi må se på hvor mange liv som går tapt på grunn av tiltakene til regjeringen. På grunn av utsatte undersøkelser og behandlinger, konsekvensene for økonomien etc. "
2020-04-01 14:04:45,2020-04-01 14:17:48,3.0,6%,4.0,2.0,11.0,3.0,5.0,4.0,5.0,11.0,10.0,4.0,6.0,7.0,9.0,8.0,9.0,9.0,9.0,Nedstenging av barnehager og skoler,Bidrag til betaling av lønn (negativ arbeidsgiveravgift),Vanlig motkonjunkturpolitikk,
2020-04-01 14:12:39,2020-04-01 14:18:08,3.0,5,8.0,8.0,2.0,7.0,5.0,2.0,5.0,6.0,2.0,8.0,8.0,4.0,4.0,6.0,7.0,7.0,5.0,Total nedstegningen ,,,
2020-04-01 14:10:00,2020-04-01 14:24:39,3.0,5%,5.0,4.0,11.0,5.0,2.0,10.0,10.0,11.0,10.0,11.0,5.0,8.0,8.0,8.0,11.0,11.0,11.0,Stengte skoler og barenhager,TIltak som sikrer folks livsopphold + bedrifters overlevese,Motkonjunktur tiltak. Tror folk vil være forsiktige med å bruke penger. ,
2020-04-01 14:17:28,2020-04-01 14:26:34,4.0,7,1.0,4.0,11.0,11.0,11.0,9.0,11.0,11.0,4.0,4.0,2.0,7.0,3.0,8.0,11.0,11.0,8.0,Stenging av næringer,Testing og karantene,Økt offentlig konsum ,Smitten bør utryddes nasjonalt
2020-04-01 12:49:51,2020-04-01 14:44:49,3.0,6,4.0,3.0,8.0,1.0,6.0,3.0,3.0,8.0,4.0,4.0,6.0,6.0,6.0,6.0,8.0,8.0,11.0,Stenging av barnehager og barneskoler,Sikre inntekt til arbeidstakere og likviditet til bedriftene,,
2020-04-01 11:10:07,2020-04-01 14:56:57,4.0,7,3.0,4.0,9.0,1.0,11.0,8.0,10.0,8.0,10.0,1.0,11.0,3.0,6.0,3.0,9.0,11.0,11.0,Stegning av skoler og barnehager ,Likviditetsstøtte til bedrifter,Næringsnøytrale skattereduksjoner for å mobilisere investeringer og yrkedeltakelse,De ulike smitteverntiltakenes effekt på korona-relatert liv og helse må vurderes opp mot deres økonomiske og sosiale effekter 
2020-04-01 14:50:18,2020-04-01 14:58:25,3.0,15,3.0,7.0,7.0,8.0,5.0,1.0,1.0,7.0,11.0,7.0,6.0,6.0,6.0,6.0,7.0,9.0,8.0,,Å sikre økonomien til arbeidstakere.,Å sikre økonomien til arbeidstakere.,
2020-04-01 14:06:55,2020-04-01 15:20:49,4.0,7,7.0,3.0,8.0,7.0,6.0,8.0,8.0,8.0,11.0,6.0,8.0,6.0,6.0,6.0,9.0,11.0,11.0,,,,
2020-04-01 14:55:36,2020-04-01 15:26:03,3.0,7,6.0,6.0,8.0,7.0,5.0,8.0,9.0,4.0,11.0,1.0,10.0,7.0,5.0,6.0,8.0,11.0,11.0,stenging av bhg og skoler. ,skatte og avgifts-lette for berørte virksomheter og husholdninger hvor en eller flere er permittert/oppsagt.  ,stimulere til omstillinger i olje- og prosessindustrien. ,"I liten grad en eksplisitt diskusjon av kost/nytte: hvor mye er vi som samfunn villig til å ""betale"" for å redde liv. Ellers i diskusjon om prioritering av helseressurser er vi i Norge langt framme i å tydeliggjøre også kost-nytte betraktninger. Det er kostnader  også utover monetære, eks i form av redusert helse, livskvalitet og til og med død blant visse pasientgrupper. Eksempelvis personer som nå står uten et helsetjenestetilbud, eks. innen spesialisttjenesten psykisk helse og rusbehandling (tilbudet er pt. lagt ned /kraftig redusert i frykt for smitte, kommunehelsetjenestene er ikke rigget for å dekke opp dette).   Videre: hva er dagens helsepolitikk mht. sengekapasitet og bemanning? Hvorfor har ikke tjenestene hatt en beredskapsplan med tanke på nettopp denne type epidemier (har jo vært flere siden år 2000, så det er jo ikke en helt fremmed problemstilling).   Denne krisen har nok også gjort folk flest oppmerksom på velferdsstatens styrker og fordeler. Særlig våre kollektive forsikrningsordninger (pensjoner, trygdeytelser, helsetjenester mm). Og det har synliggjort betydningen av  at vi har et godt trepartssamarbeid. Kanskje dette i sum vil resultere i et annet politisk klima i tiden etter Cov-19. "
2020-04-01 15:15:52,2020-04-01 15:29:53,4.0,10,5.0,6.0,9.0,9.0,6.0,9.0,9.0,8.0,9.0,1.0,1.0,10.0,10.0,10.0,10.0,11.0,10.0,"Dette er svært vanskelig å si. Usikkerheten er så stor. Både som samfunnsøkonomom og som en ""privat"" person velger jeg nå å lene meg litt tilbake og stole på at myndighetene iverksetter de""""riktige"" tiltakene til ""rett tid"". I disse usikre koronatider mener jeg det viktigste er å etterleve rådene som blir gitt så godt det lar seg gjøre","Vanskelig å svare på av samme grunn som over, men jeg stoler på myndighetene nå ","Vanskelig å svare på av samme grunn som over, men jeg stoler på myndighetene nå ","For et par måneder siden hadde jeg aldri trodd at dette skulle skje i Norge, i alle fall ikke at skoler og barnehager skulle bli stengt. Nå er det slik og jeg tror det er riktig at disse drastiske tiltakene ble iverksatt. Jeg forstår at vi står overfor en pandemi og jeg er veldig glad for at vi bor i Norge. Om ikke tiltakene hadde blitt iverksatt da de ble er jeg redd det hadde fått svært fatale følger for lokalsamfunnet og hele Norges økonomi.  "
2020-04-01 14:07:36,2020-04-01 15:33:57,4.0,5,8.0,5.0,11.0,1.0,11.0,1.0,1.0,11.0,1.0,1.0,11.0,6.0,6.0,6.0,11.0,11.0,11.0,Stenging av små servicebedrifter. Disse bør så langt det er mulig åpne igjen med nye regler for håndtering av smitte/sosial distansering.   Stenging av barnehager og nedre del av grunnskolen. Dette rammer foreldre med yrker uten mulighet til hjemmekontor. ,'- Hjelpe produktive bedrifter med likviditetsproblemer til å overleve krisen - Forsikre husholdningene,Målrettet stimulus. Kontantoverføringer til husholdninger; økt offentlig etterspørsel etter utsatte sektorer. Unngå vridning av ressursbruk i den grad det er mulig. ,
2020-04-01 15:30:06,2020-04-01 15:36:47,2.0,3,7.0,5.0,8.0,8.0,6.0,6.0,6.0,6.0,8.0,3.0,7.0,5.0,5.0,7.0,7.0,9.0,7.0,Barnehager og skoler stengt,,Tiltak som også rigger oss mot framtiden - eks det grønne skiftet,Dette er også en mulighet til å fornye næringslivet og økonomien - creative distruction - hvis man ikke tviholder på å skulle redde alle bedrifter. Viktig å sikre inntektene til enkeltpersoner som rammes
2020-04-01 15:35:57,2020-04-01 15:46:56,3.0,5,7.0,1.0,9.0,7.0,10.0,7.0,6.0,11.0,5.0,1.0,8.0,5.0,3.0,9.0,9.0,8.0,11.0,Jeg vil tro at det enkelttiltaket som har sterkest negativ effekt på BNP på kort sikt er stenging skoler og barnehager. Personlig synes jeg likevel at dette er rett å gjøre for å minske smitten.,Lånegaranti for SMB.,,
2020-04-01 15:38:29,2020-04-01 16:00:20,3.0,7,1.0,9.0,9.0,11.0,4.0,4.0,4.0,11.0,1.0,1.0,11.0,11.0,1.0,6.0,8.0,11.0,4.0,Stengte barnehager.  Stengte barneskoler. ,Noe høyere satser på permitteringslønn På ca. 80% en periode på 1-3mnd. For ånunngå for stort negativt sjokk samtidig som man gir stimuli til jobbmobilitet over i andre sektorer som trenger arbeidskraft. ,Etablerings stimulerende tiltak.  Mulighet for utdanning (sp-givende) kombinert med dagpenger,Økonomisk nedtur står ikke i forhold til sykdommens karakter. Om det var barn som ble syke av dette ville tiltak hengt på greip. Men dette er uforholdsmessig. 
2020-04-01 16:08:01,2020-04-01 16:18:54,4.0,7,4.0,1.0,6.0,8.0,6.0,4.0,6.0,8.0,6.0,1.0,11.0,9.0,9.0,6.0,5.0,11.0,11.0,Stengte barnehager og skoler.,"Oppfordre til distansering, bruk av hjemmekontor når det er mulig.",,
2020-04-01 11:50:24,2020-04-01 16:22:22,3.0,5,4.0,8.0,7.0,9.0,6.0,6.0,4.0,7.0,7.0,1.0,9.0,6.0,6.0,6.0,8.0,8.0,8.0,Stengte barnehager og barneskoler,Sikre likviditet i SMB og gode permitteringsordninger,Tilbudssidetiltak - næringsnøytrale,
2020-04-01 16:23:01,2020-04-01 16:29:40,4.0,10,3.0,8.0,11.0,11.0,9.0,9.0,10.0,11.0,9.0,3.0,4.0,7.0,7.0,7.0,11.0,11.0,11.0,,,,
2020-04-01 16:16:12,2020-04-01 16:29:53,3.0,10,4.0,4.0,8.0,9.0,2.0,4.0,4.0,8.0,8.0,8.0,3.0,9.0,7.0,9.0,8.0,9.0,9.0,Begrensninger  i mobiliteten av arbeidskraft mellom regioner. Dette er dels en konflikt mellom myndigheter lokalt og sentralt,"Fortsette med de tiltakene som allerede er iverksatt, men samtidig hindre at aktører utnytter tiltakene til eget beste, ut over hva tiltakene er ment for",Arbeidsmarkedstiltak for å gjøre det mulig for permitterte o.a. raskt å komme tilbake i arbeid. Samtidig se til at bedrifter som ikke er lønnsomme på lengre sikt ikke fortsetter å bli støttet,Sikre innovasjonskraft og nyskaping i kjølvannet av krisen
2020-04-01 17:39:14,2020-04-01 17:50:21,4.0,6,3.0,5.0,10.0,10.0,8.0,10.0,10.0,11.0,10.0,5.0,3.0,9.0,6.0,8.0,11.0,11.0,11.0,Sosial isolasjon,lånegarantier for bedriftene,sysselsettingstiltak,Veldig stor usikkerhet knyttet til når situasjonen er normalisert og hvor stor en endring Norge og resten av verden har gjennomgått da
2020-04-01 19:34:26,2020-04-01 20:03:09,3.0,9,6.0,6.0,3.0,8.0,4.0,1.0,1.0,3.0,1.0,1.0,1.0,6.0,6.0,9.0,4.0,6.0,4.0,Ingen. Norsk økonomi trenger en realitetsorientering. ,,"Mer skatt på overskudd, arv, formue og inntekt over et visst lønnsnivå. ","Hvorfor tar studien ikke for seg hva næringslivsaktører kan eller bør foreta seg, men bare myndighetene? Så og si alle spørsmålene i studien tar utgangspunkt i tapt inntektsgrunnlag, men ideen om at utgifter er mulig å redusere i et budsjett er en mulighet sees til å ha gått tapt i planleggingen?   Spørsmål som: -bør bedrifter som leverer positivt driftsresultat beskattes mer i 2020 som følge av COVID19? -bør banker ettergi gjeld til aktører som går med underskudd? - bør leietakere/eiere av næringseiendom ikke kreve leie pga COVID19?  Leser i beskrivelsen av undersøkelsen at ""Målet med denne studien er å kartlegge samfunnsøkonomers vurderinger av disse problemstillingene og vi inviterer samfunnsøkonomer ved akademiske institusjoner i Norge til å delta."", og flere spørsmål ala det jeg skisserer over må jo absolutt være med for å kunne gi et bredere bilde av inntrykket til norske økonomer! "
2020-04-01 19:57:41,2020-04-01 20:07:20,3.0,8,8.0,2.0,9.0,8.0,9.0,9.0,9.0,7.0,7.0,9.0,2.0,3.0,3.0,9.0,8.0,8.0,8.0,Indirekte effekter av stengte skoler og barnehager,,,
2020-04-01 18:04:41,2020-04-01 20:47:12,4.0,5,1.0,8.0,5.0,1.0,9.0,9.0,9.0,9.0,4.0,1.0,10.0,9.0,8.0,6.0,11.0,11.0,11.0,Stenging av barnehager og skoler,Tilførsel av likviditet til bedrifter,"Reversere de fleste tiltakene, men forsette å støtte sektorer som vil få langvarige etterspørselsreduksjoner, som reiseliv, eksport og kultur.","Konsekvensene av smitteverntiltakene vil overgå nytten. I tillegg til de økonomiske effektene, vil det være store negative effekter på mental og fysisk helse. Sosial distansering er for mange svært tyngende. Særlig er det mange barn som lider. Videre forsterker tiltakene ulikhet av flere grunner (hvem som rammes økonomisk og psykisk, hvilke barn som får støtte og leksehjelp hjemme, hvem som har mulighet til å jobbe hjemmefra, osv). De kan forsvares i en kort periode mens man bygger opp kapasitet i helsevesenet, men lite tyder på at dette skjer i stor nok skala foreløpig. Barnehager og skoler bør gjenåpne, og tiltak bør heller rettes inn mot en gradvis og kontrollert smittespredning til den delen av befolkningen som mest sannsynlig vil tåle covid-19. Til slutt: veldig bra med en slik undersøkelse! Krysser fingrene for at vi i det minste blir lyttet til på Stortinget! Der virker det som om det er konkurranse om å bruke mest penger og innføre strengest tiltak."
2020-04-01 21:06:09,2020-04-01 21:12:29,4.0,8,4.0,4.0,11.0,4.0,6.0,3.0,3.0,11.0,8.0,1.0,3.0,6.0,9.0,9.0,8.0,11.0,11.0,Stengte barnehager og barneskoler ,Lån til bedrifter og stønad til permitterte og arbeidsledige,Klassisk motkonjunkturpolitikk,
2020-04-01 16:27:38,2020-04-01 21:15:38,4.0,8%,4.0,6.0,8.0,6.0,8.0,6.0,6.0,6.0,8.0,1.0,4.0,9.0,8.0,8.0,9.0,9.0,9.0,"Stenging av virksomheter, stengningav skoler og barnehager, reiserestriksjoner","Redusere konkursrisiko for bedrifter, støtte til permitterte og arbeidsløse. Likviditet til husholdninger og bedrifter.",Støtte virksomheter som har vært rammet av nedstengningen. Støtte til husholdninger som har fått vedvarende likviditetsproblemer. Etterspørselsstimulering,"Preget av den store usikkerheten rundt utviklingen av epidemien. En skulle tro at det hadde vært mulig å lage konsekvensanalyser basert på tidligere epidemier. Aktuelle tiltak for å hindre smittespredning er velkjente, og det hadde vært mulig, som en del av beredskapen, å ha slike konsekvensanalyser, gjerne med sensitivitet på potensielle effekter av ulike tiltak sammen med estimerte kostnader. Når dette ikke fantes, var det vanskelig å gjøre vurderinger av nytten av enkelttiltak på det tidspunkt de ble iverksatt."
2020-04-01 21:44:47,2020-04-01 21:48:35,3.0,7,4.0,3.0,3.0,1.0,5.0,3.0,8.0,7.0,8.0,5.0,5.0,7.0,4.0,7.0,4.0,9.0,9.0,,,,Viktig at økonomer får mindre plass i mediene i slike situasjoner.
2020-04-01 21:50:59,2020-04-01 21:58:22,4.0,20,3.0,4.0,9.0,11.0,8.0,3.0,7.0,4.0,10.0,3.0,3.0,10.0,10.0,6.0,10.0,10.0,10.0,Forbud mot diverse aktiviteter,Generell støtte til ulike virksomheter for å dekke faste kostnader,Skattelettelser,
2020-04-01 22:24:20,2020-04-01 22:56:22,4.0,8,4.0,8.0,8.0,9.0,2.0,3.0,3.0,6.0,8.0,6.0,7.0,8.0,9.0,8.0,7.0,8.0,8.0,"Usikker.  Spørsmålet er dessuten irrelevant.  Man må se nytten av tiltaket opp mot kostnadene.  Er nytten større enn kostnadene, kan tiltaket forsvares viss man ikke har større nytte-kost verdi ved omallokering (alternativverdi betrakting)","Spørs delvis på hvor langvarig smitteverntiltaka varer.  Ved langvarige tiltak, støtte til næringslivet slik at fleire bedrifter overlever og folk har en jobb å gå til + hindre for sterk nedgang i husholdningene si kjøpekraft slik at samla etterspørsel ikke faller for mye (det vil dessuten forsterke behovet for støtte etter at de mest omfattende smitteverntiltaka er avslutta) ",Samme prinsipp som i forrige spørsmål men med større vekt på det langsiktige.,Fleire av spørsmåla er vage/feilstilte.  Dere får sikkert tilsvarende svar fra andre. Akademiske samfunnsøkonomer er jo nøye med forutsetningene sine :-)
2020-04-01 23:38:26,2020-04-01 23:41:42,4.0,6,6.0,3.0,8.0,11.0,8.0,4.0,4.0,8.0,8.0,6.0,4.0,6.0,6.0,6.0,6.0,6.0,8.0,,,,
2020-04-02 07:23:27,2020-04-02 07:37:26,4.0,10,3.0,3.0,11.0,3.0,11.0,6.0,6.0,5.0,6.0,3.0,11.0,3.0,6.0,3.0,4.0,8.0,8.0,Stengning av skoler barnehaver pga barnepass,Øk testkapasiteten slik at folk kan være i arbeid - ikke minst helsepersonell,Må se spesielt på små og mellomstore bedrifter og innovasjonsmiljøer,Mangler fleksibilitet i politikken. Mange steder har ikke de problemer som Oslo feks har. Unødvendig streng politikk som ikke er i samsvar med verken fageksperter i Epidemiologi støtter og som ikke er kvalitetssikret. Styringsiver
2020-04-01 17:23:49,2020-04-02 07:42:46,3.0,10,4.0,7.0,8.0,10.0,8.0,8.0,8.0,8.0,8.0,1.0,1.0,9.0,9.0,9.0,11.0,11.0,11.0,"Skadelig i seg selv for en eller annen sektor, eller skal jeg regne med nytten av tiltaket også? Dette spørsmålet var ikke lett å svare på.  Dvs skal jeg kun vurdere kostnad eller netto nytte?",Sørge for at bedrifter og mennesker uten inntekter i krisen holder seg flytende til dette er over-dvs støtte til faste utgifter. En bør også la permitterte ansatte fortsette med noe av det vanlige og forefallende vedlikeholdet i bedrifter. En må også vurdere om folk som nå står uten arbeid kunne  jobbe i en annen sektor som nå mangler arbeidskraft.,"Sørge for å hjelpe folk som har mistet jobben kommer i jobb igjen. For de som ikke kommer tilbake til sin tidligere bedrift, er kan det være nødvendig for eksempel rentefrie studielån med en stipenddel. Sørge for at bedrifter kan starte opp igjen. Det at permitterte ansatte kan gjøre noe vedlikehold i bedriften mens denne krisen pågår er derfor viktig for at bedriften skal være klar til å åpne igjen når denne krisen er over. ","Det var tre utsagn der jeg skulle si meg enig eller uenig i det samme utsagnet, men begrunnelsen var forskjellig. Det blir helt umulig å svare forskjellig på disse utsagnene, når utsagnet er det samme men bare har forskjellig begrunnelse. Vet ikke om dere får så mye ut av de spørsmålene der.  Det blir i alle fall veldig vanskelig å tolke. "
2020-04-02 07:28:22,2020-04-02 07:58:51,4.0,9,8.0,4.0,4.0,7.0,6.0,5.0,7.0,7.0,9.0,5.0,3.0,4.0,7.0,6.0,8.0,8.0,9.0,En kombinasjon av alt,"Økonomisk forsikring av permitterte når deres vilkår utgår. Gi støtte til bedrifter. Innføre restriksjoner på bedrifter som får støtte slik at de ikke kan ta ut utbytte. Kontrollere leiekostnad i utleiemarkedet, både for bedrifter og privatpersoner i storbyer.","Gunstige lån til små bedrifter slik at de kan investere, ansette og starte sin drift igjen",Regjeringen var alt for sent ute. Bent Høye var knyst stille helt til regjeringen varslet om kjempetiltakene.
2020-04-02 08:57:27,2020-04-02 09:01:23,3.0,3,9.0,1.0,3.0,5.0,4.0,10.0,9.0,9.0,9.0,1.0,11.0,8.0,8.0,2.0,9.0,9.0,9.0,,,,
2020-04-01 10:03:38,2020-04-02 09:34:22,3.0,7,5.0,3.0,9.0,11.0,7.0,8.0,7.0,10.0,11.0,4.0,4.0,7.0,5.0,7.0,9.0,10.0,10.0,Stenging av bedrifter,Rett til dagpenger og forskuttering av dagpenger,Hjelp til bedrifter,
2020-04-02 09:21:58,2020-04-02 09:36:03,4.0,15,1.0,5.0,9.0,8.0,9.0,3.0,3.0,6.0,3.0,1.0,7.0,6.0,6.0,6.0,8.0,8.0,8.0,Restriksjoner på daglig handel & allmennbevegelse.,Sørge for at bedrifter som ikke bør gå konkurs overlever. Sikre petroleumsindustrien.  ,Infrastrukturinvesteringer. Stimulere petroleumsinvesteringer. Holde rentenivåene lave. Det viktigste er at vekst prioriteres over utjevning.,Veldig vanskelig. Jeg ville gjettet at 70% av deprimeringen av norsk økonomi er eksogent. 
2020-04-02 09:35:03,2020-04-02 09:43:46,4.0,10,1.0,2.0,8.0,1.0,6.0,9.0,6.0,9.0,6.0,1.0,6.0,6.0,5.0,6.0,10.0,7.0,9.0,Stengte skoler/barnehager,Lønnssubsidier heller enn permitteringer,"Avvikler alle de generøse tilskuddsordningene (utvidet dagpenger, bedriftstilskudd, billige lån) snarest!!","Det viktigste er at man klarer å justere den økonomiske politikken underveis. Dvs, justere de tiltakene som viser seg å ha uheldige effekter og trekker tilskudd tilbake ettersom smitteproblemene opphører."
2020-04-02 09:58:39,2020-04-02 10:10:33,3.0,5,4.0,7.0,8.0,11.0,9.0,7.0,4.0,11.0,11.0,4.0,1.0,11.0,11.0,4.0,11.0,11.0,11.0,Begrensning på antall personer som kan møtes. Sosial distansering. Som avstedkommer alle de andre tiltakene.,Kompensasjon av bortfall av lønnsinntekt,Solidaritetstiltak.  Støtte til beredskap i helsesystemer i u-land.  ,Ene Delphi studie basert på ekspert-kunnskap har mindre gyldighet når ekspertene aldri har opplevd en systemisk krise av dette slaget.  Jeg ville forvente at denne studien ikke er bedre på å predikere slutten av 2020 enn et terningkast.  Men  takk for initiativet og lykke til uansett.
2020-04-02 10:15:41,2020-04-02 10:41:06,4.0,7,9.0,1.0,11.0,11.0,6.0,8.0,9.0,7.0,11.0,1.0,3.0,9.0,1.0,1.0,11.0,11.0,1.0,"Restriksjoner på menneskers bevegelser og oppfordring til å unngå kontakt med andre (dugnaden), dette har ført til lavere etterspørsel, bedrifter i krise og arbeidsledighet.","Sikre at bedriftene kan starte opp igjen etter nedsteningen, og sikre at arbeidsledige blir kompensert.","Samme som over, det blir ingen rakett-oppstart når tiltakene oppheves. Ting vil ta tid for å komme tilbake til normalen, og bedriftsstøtten må fortsettes og arbeidsmarkedstiltak/omskolering for arbeidere som ikke kan gå tilbake i sin opprinnelige jobb, i reiseliv etc.","En artig studie, gleder meg til å se resultatene! Men husk at det er mange dårlige samfunnsøkonomer i landet vårt, så det betyr kanskje ikke så mye hva vi mener i gjennomsnitt? Lykke til :)"
2020-04-02 11:31:34,2020-04-02 11:36:04,3.0,8,5.0,3.0,8.0,6.0,10.0,9.0,5.0,10.0,9.0,9.0,3.0,8.0,6.0,8.0,9.0,11.0,9.0,Skole- og barnehagestengning,Inntektssikring,Stimulere økonomien,Høy grad av usikkerhet
2020-04-02 19:24:43,2020-04-02 19:27:23,3.0,"7,6",4.0,7.0,4.0,7.0,4.0,1.0,1.0,9.0,8.0,1.0,8.0,9.0,9.0,9.0,7.0,8.0,11.0,,,,
2020-04-02 19:41:22,2020-04-02 20:00:33,3.0,8,4.0,5.0,8.0,11.0,7.0,7.0,9.0,11.0,10.0,1.0,1.0,11.0,8.0,8.0,11.0,11.0,11.0,stengning av barnehager og barnetrinnet i skolen,støtte til bedrifter/organisasjoner og permitterte arbeidstakere,stimulere økonomien,ingen
2020-04-02 20:08:21,2020-04-02 20:21:14,3.0,"4,5",8.0,7.0,9.0,11.0,9.0,9.0,6.0,8.0,4.0,1.0,1.0,8.0,8.0,8.0,9.0,11.0,9.0,Stengningen av skoler og barnehager,Dekke opp for deler av inntektsbortfall både for arbeidstakere og bedrifter,Fortsatt dekke opp for deler av krisegenerert inntektsbortfall ,"Ved eventuelt fundamental etterspørselssvikt, vurdere å endre sentralbankloven, slik at statens utgifter kan finansieres ved overførsel fra Norges Bank"
2020-04-02 20:17:43,2020-04-02 20:24:57,2.0,2,8.0,4.0,8.0,10.0,9.0,9.0,10.0,10.0,9.0,3.0,4.0,8.0,9.0,6.0,10.0,10.0,9.0,Nedstengning av arbeidsplasser,Kontantstøtte,Lånegarantier,
2020-04-02 21:22:00,2020-04-02 21:44:20,3.0,12,3.0,7.0,8.0,6.0,4.0,5.0,5.0,6.0,3.0,1.0,9.0,4.0,6.0,4.0,8.0,8.0,8.0,"Ikke godt å si, det er en slags pakke. Men antagelig restriksjoner på reiser og forsamlinger, som knekker alt fra frisører til hotell- og restaurantbransjen. ","Støtte til bedrifter, med mekanismer som i størst mulig grad sørger for at de som opplagt ikke er levedyktige ikke får offentlige midler","Avvikling av støtteordninger for bedrifter og arbeidstakere som ikke lengre er nødvendige, som 100% lønn under permittering. På litt lengre sikt: Kutte i offentlige utgifter og øke skattene slik at oljepengebruken ikke blir liggende på et skyhøyt nivå lengre enn nødvendig. Det er uansett de yngre generasjonene som betaler den største prisen for tiltakene. Diverse eksempler på full kompensasjon for tap i stedet for delvis samt historiske erfaringer med økt offentlig pengebruk gjør meg imidlertid pessimistisk på dette punktet","Som alle studier av denne typen: Vanskelig å vite akkurat hvor på skalaen man skal legge seg. Krisen: Tolker det faktum at regjeringen overkjørte FHI, som sto for en politikk litt mer i retning av den svenske, er et uttrykk for ""the politics of fear:"" Regjeringen ville absolutt ikke risikere italienske tilstander (selv om dette uansett var lite sannsynlig) og hadde et kjempestort fond det kunne øse ut av for å plastre økonomien. I sum derfor antagelig for omfattende/uensartede smittevernstiltak, som koster langt mer enn nødvendig"
2020-04-02 22:00:22,2020-04-02 22:09:41,3.0,7,3.0,7.0,11.0,2.0,2.0,3.0,3.0,3.0,5.0,3.0,2.0,9.0,7.0,4.0,4.0,9.0,9.0,nedgang i tjenesteytende,ledighetstrygd,åpne skoler og barnehager,negative fordelingseffekter må kompenseres og oljefondet må ikke lide på lengre sikt. 
2020-04-02 23:55:46,2020-04-03 00:09:07,3.0,8,4.0,7.0,9.0,3.0,8.0,7.0,9.0,8.0,9.0,2.0,2.0,8.0,8.0,4.0,10.0,11.0,9.0,"Å hindre at folk kan benytte seg av en god del tjenester er kanskje det mest kostbare, men kanskje ville folk i stor grad unngått konserter, restauranter og hoteller uansett pga. frykt. Så da blir kanskje det mest kostbare å stenge barnehager og barneskoler. ",At de hjelper folk som er i økonomiske vanskeligheter pga. krisen og dermed sørger for at alle har råd til å komme seg igjennom en periode med sosial distansering. Myndigheten bør forsikre folk mot dette sjokket så godt de kan. ,,
2020-04-03 07:54:41,2020-04-03 08:00:07,3.0,5,3.0,7.0,8.0,6.0,7.0,8.0,8.0,9.0,9.0,6.0,3.0,9.0,9.0,9.0,11.0,9.0,10.0,,,,
